{"type":"FeatureCollection","name":"concessoes_florestais_ideflor","crs":{"type":"name","properties":{"name":"urn:ogc:def:crs:OGC:1.3:CRS84"}},"features":[{"type":"Feature","properties":{"OBJECTID":159.0,"NOME_":"Madeireira Segredo - UMF II","CATEGORIA":"CONCESSÃO FLORESTAL","MUNICIPIO_":"Almeirim","CAT_UC":"Uso Sustenºtável","DATA_DE_CR":"26/10/2012","APTAS_PARA":"Sim","CAT_TERRIT":"ÁÁreas estaduais destinºadas a produção florestal","AREA_HA":90115.11,"DESTINACAO":"Floresta Destinºada","ORGAO_GEST":"IDEFLOR-Bio","PASSIVEIS":"Sim","ESTAGIO":"Demarcação Inºiciada","AREA_DECRE":90115.11,"TIPO_FLORE":"TIPO A","OBS":"Floresta Estadual do Paru","SITUACAO":"Conºtrato de Conºcessão Processo nºº 2011/146353"},"geometry":{"type":"Polygon","coordinates":[[[-53.82417102227464,-0.634652144280835],[-53.822275153375415,-0.636912290769374],[-53.8215157748329,-0.637639298214822],[-53.820144328497804,-0.638952281422405],[-53.81788715696655,-0.63999465682781],[-53.81655351633157,-0.640610540443902],[-53.81568252742653,-0.641345384581598],[-53.81428976446091,-0.64295068972234],[-53.8134497877773,-0.643918850374348],[-53.81257582211629,-0.644485317143506],[-53.812018870174484,-0.644846309509433],[-53.807718140379734,-0.646726237925407],[-53.80508818097462,-0.648112922373286],[-53.80419763900966,-0.64833475274645],[-53.80338111304775,-0.648538147017689],[-53.7981998048769,-0.648545757080853],[-53.79704293768128,-0.648759322684441],[-53.79699722154436,-0.648783718593563],[-53.796490983272065,-0.649053871338879],[-53.795401367378986,-0.650009095243377],[-53.79532128904606,-0.650114742201424],[-53.793435091456104,-0.65260318069204],[-53.79201095384224,-0.655152207408264],[-53.79115709342494,-0.656680509897456],[-53.790197755122165,-0.657911423673056],[-53.789933170978884,-0.658250907852846],[-53.78964918935844,-0.658342657587411],[-53.78947103545977,-0.658499010120977],[-53.78888060715417,-0.659017182396838],[-53.788279921181186,-0.659139050426631],[-53.786002226221626,-0.660532809841072],[-53.78060397639223,-0.665963610631934],[-53.77912930497331,-0.666926552518248],[-53.77880583142377,-0.667008463669447],[-53.77496200669111,-0.667981815208464],[-53.768948429925956,-0.67054419146109],[-53.76718977508784,-0.671067002439941],[-53.76318516955979,-0.67286477688765],[-53.707616517188285,-0.728339479783017],[-53.706725408650414,-0.731161587437157],[-53.70666755796128,-0.731344799122951],[-53.70578573132627,-0.734137509738105],[-53.7048062419143,-0.735827198266293],[-53.704484933932406,-0.736195074043223],[-53.70384331261863,-0.736929687954557],[-53.70321866960575,-0.737644863919115],[-53.70179727942076,-0.738825228601286],[-53.70015301295098,-0.739936577510889],[-53.697950075035806,-0.740612962118348],[-53.69781049665693,-0.740655817511822],[-53.69677607305715,-0.741294902737422],[-53.69405300504201,-0.743408966050708],[-53.69144989489649,-0.74490958021272],[-53.68970628661555,-0.746319539115234],[-53.68962872278712,-0.746382260532641],[-53.68855082865758,-0.747037994907373],[-53.6861596401551,-0.74775125891324],[-53.68275735107068,-0.74911101136388],[-53.681052204095806,-0.749049988765819],[-53.679666164461764,-0.748647997207172],[-53.67927673373413,-0.748660024740104],[-53.678422489306286,-0.748686408150945],[-53.6767111684855,-0.74904439947926],[-53.67496771668658,-0.74963007216985],[-53.674243288496825,-0.750008269465923],[-53.67309575446535,-0.750607353746148],[-53.66881070794767,-0.751972217043999],[-53.66566533988333,-0.752379182752861],[-53.66521070650873,-0.752746657432112],[-53.66395076261739,-0.752579365545103],[-53.66035521192333,-0.752101960436903],[-53.65905870789288,-0.752104621530918],[-53.65754339970789,-0.752283642376028],[-53.653228165647135,-0.752793450956858],[-53.65196845647887,-0.752726179869171],[-53.64829698052108,-0.752146043404935],[-53.64685708318768,-0.75215257877835],[-53.6453168880638,-0.752439961634707],[-53.64473510853827,-0.752548514302191],[-53.64394075356279,-0.752975124801992],[-53.642470178555755,-0.753764899530267],[-53.64128101670536,-0.75473246483125],[-53.63958205167012,-0.756114832533228],[-53.63661292644525,-0.760249285775728],[-53.636240400274005,-0.760529861663599],[-53.6351070521485,-0.7613834702708],[-53.63097438406044,-0.763842814793918],[-53.62856822274506,-0.764592584080333],[-53.626905477006005,-0.765286264449287],[-53.62629882672934,-0.765539352558847],[-53.62224236629203,-0.768288712254048],[-53.62179150737194,-0.768977922992576],[-53.49500368327318,-0.834602914992388],[-53.48214005771729,-0.857856393757402],[-53.46513474836979,-0.86381792945366],[-53.46423334529243,-0.862121294561916],[-53.463357103447436,-0.861180955336636],[-53.46179002668822,-0.860164636888328],[-53.460129961828045,-0.859490626491038],[-53.45903549768991,-0.859214729775715],[-53.45724987668018,-0.85905838623529],[-53.45552275117382,-0.85949379839991],[-53.453220093732114,-0.860693402278457],[-53.45163284517952,-0.861864721579479],[-53.4501007727323,-0.864014329697397],[-53.44667256518659,-0.867292211965832],[-53.44540635661792,-0.86937078713197],[-53.44457366714079,-0.871305387133759],[-53.44505253634526,-0.873125390124471],[-53.445089738600416,-0.873427516466563],[-53.44576051773356,-0.881258402752906],[-53.42228213830987,-0.937454004898257],[-53.41329986709496,-0.947811276568984],[-53.413405971808004,-0.947882474996049],[-53.413480672195135,-0.9479325213685],[-53.41332512275608,-0.948875942570453],[-53.41285650312483,-0.94966367403913],[-53.41285383123909,-0.949667439500502],[-53.41225422625138,-0.950512607970268],[-53.412075078601845,-0.950765125010378],[-53.4105137017458,-0.952339157126232],[-53.409107282574894,-0.953599538987305],[-53.40832773133951,-0.954857765173585],[-53.40829186727569,-0.954889385336685],[-53.40750371582368,-0.955584287884392],[-53.40707817551714,-0.955959480545403],[-53.40627232990397,-0.956050767129],[-53.40567119157197,-0.956118863794302],[-53.40426511864018,-0.956277352217853],[-53.40406219021776,-0.956354120146386],[-53.40387681296431,-0.956424247480811],[-53.40301523816248,-0.956750181575387],[-53.40296301003474,-0.956815877950191],[-53.34274582585897,-0.978668135625753],[-53.3426154682291,-0.9788245655011],[-53.341258764480244,-0.980472940973243],[-53.34060569389743,-0.981937821473082],[-53.34039806112139,-0.983334656568957],[-53.34046308300475,-0.984058816760751],[-53.340931555146994,-0.98547870687662],[-53.34128768397926,-0.986558097478053],[-53.34132437721803,-0.986669311239552],[-53.341353581802196,-0.987381817116955],[-53.3414009293092,-0.988536967506889],[-53.34140458235544,-0.988626088522949],[-53.34133494874874,-0.98885587519834],[-53.341126498488904,-0.98954374324893],[-53.33831940951296,-0.992714487483397],[-53.3390626784996,-0.992713714066497],[-53.33968854998642,-0.992770767057095],[-53.33980518665987,-0.99278139884234],[-53.34054932619023,-0.993189644286474],[-53.3410218218994,-0.993529114077205],[-53.34122506418521,-0.994071908891215],[-53.34129284788645,-0.994547437114306],[-53.34137475813844,-0.99483360138936],[-53.34142917701473,-0.995023724365183],[-53.34169917147943,-0.995566355502717],[-53.34223960737182,-0.996042612176666],[-53.34271285581343,-0.996314518600002],[-53.34332142164607,-0.99658521993166],[-53.3441327863988,-0.996788796765372],[-53.34514501293182,-0.996855854713772],[-53.34622654302041,-0.99685520989982],[-53.34737438821725,-0.996649889280832],[-53.34832091208028,-0.996378376760447],[-53.34926610494665,-0.995901441098454],[-53.35048099909869,-0.995017573901691],[-53.351426790014216,-0.994811811715579],[-53.35278552982811,-0.994947550888526],[-53.35346113742139,-0.995355018419161],[-53.353934995603424,-0.995898094721156],[-53.35406984085034,-0.996509495216799],[-53.3540033764545,-0.997053807187228],[-53.353665559617696,-0.997665390245402],[-53.35326023247359,-0.998345596072227],[-53.35299186038583,-0.999365151180598],[-53.3532612541033,-1.000044702301011],[-53.353698929861594,-1.000353140984487],[-53.35460397968973,-1.000894668653871],[-53.356228131922535,-1.001256751897358],[-53.35776008925649,-1.001065562325607],[-53.35848351919884,-1.000739316166289],[-53.35873314761653,-1.000352885577058],[-53.35920687090015,-0.99976802677287],[-53.36001720053315,-0.999087784073708],[-53.36096237181579,-0.998204523020149],[-53.36190710243068,-0.997523956565146],[-53.362785078168656,-0.996843551988093],[-53.363528200565725,-0.996367064188519],[-53.36460852826076,-0.996230330365279],[-53.365419745524605,-0.996366303361981],[-53.36589316213957,-0.996705757864277],[-53.36650188625282,-0.997453009948288],[-53.367109408871954,-0.998064211693872],[-53.36758282908414,-0.998811771346027],[-53.368325721254905,-0.999059385282123],[-53.368393470781825,-0.999081967258746],[-53.36933984445807,-0.999150053132212],[-53.3702850355258,-0.999080287325228],[-53.37124493500551,-0.998740411940162],[-53.37212351868527,-0.998739277895197],[-53.372663835867115,-0.998738921763618],[-53.37320399566772,-0.998670995969519],[-53.373474897548306,-0.998399204659393],[-53.37401384686132,-0.997787121578199],[-53.37448679942605,-0.997106743081588],[-53.37489120116777,-0.996834617223612],[-53.37543167303306,-0.996901828056707],[-53.37590539002156,-0.997378213333718],[-53.376243368736255,-0.998057608871306],[-53.376582102881514,-0.998668542618987],[-53.37719038542781,-0.999212172003979],[-53.37779882535534,-0.999823369252852],[-53.378541809256944,-1.000094604782021],[-53.379352742335016,-1.00009361552776],[-53.3799605572338,-1.000025526056959],[-53.38070366704045,-0.999549014874901],[-53.381513371644644,-0.9990047667564],[-53.38232381729017,-0.998392957968406],[-53.383201621257626,-0.997644049333246],[-53.383741607489014,-0.997100435236746],[-53.38374098335953,-0.996420247396202],[-53.38430816958618,-0.995536388293488],[-53.3851188040893,-0.995807459246635],[-53.385862861781504,-0.996554374984271],[-53.38653911059134,-0.997233876641872],[-53.38681004574687,-0.997777392712351],[-53.387012573970935,-0.998389527054826],[-53.38735057786664,-0.999068012478574],[-53.38789134920626,-0.999272149589785],[-53.38836417046991,-0.999339504314435],[-53.38866348373256,-0.99923908061885],[-53.38876977550456,-0.999203418003162],[-53.38964743108386,-0.99879503855999],[-53.390390084035005,-0.998523011627469],[-53.39099818401883,-0.998182840365644],[-53.39180895431957,-0.998114261663659],[-53.39261959781601,-0.99838532002633],[-53.39343070806058,-0.998859984000831],[-53.39417400672488,-0.999267236593482],[-53.39478153294124,-0.999471197437629],[-53.39545684915413,-0.999334460916486],[-53.39620009385902,-0.998926397135335],[-53.397146013377665,-0.998789923216236],[-53.397754142139775,-0.998856950587594],[-53.39842947274184,-0.999129217638995],[-53.39869996273296,-0.99946821798369],[-53.39863339581433,-0.999944062768122],[-53.398579259325174,-1.000270210001986],[-53.39856577848775,-1.000351427776025],[-53.39856576859512,-1.000352328896668],[-53.3987537457885,-1.0004841182473],[-53.39954312481518,-1.001295467711486],[-53.399965054343625,-1.001890177689347],[-53.40050694983569,-1.002978088467785],[-53.40206826373924,-1.007176220006386],[-53.402922140344344,-1.007044133879447],[-53.40423441308752,-1.005993656481849],[-53.40495615500237,-1.005325893674865],[-53.40573941504175,-1.004970510380588],[-53.407542967633674,-1.004606472010892],[-53.408083482666314,-1.004424101191148],[-53.40916648764312,-1.003879200164704],[-53.41078800756037,-1.003333881852939],[-53.41133013327885,-1.003333504137743],[-53.41241167775655,-1.003332719029515],[-53.41367400754916,-1.002968145563329],[-53.41439582500715,-1.002785948312635],[-53.414802776326894,-1.002279590430589],[-53.41501325905449,-1.0009341533883],[-53.415016919295226,-1.000353115803478],[-53.41530335156824,-0.999485079372676],[-53.41585581679237,-0.998787515731067],[-53.41586915014102,-0.99877676883267],[-53.41654837121018,-0.998229319127631],[-53.4169630944711,-0.997671689996309],[-53.417517006704315,-0.997253416212004],[-53.41821003956147,-0.997392519748701],[-53.419179031187184,-0.997949048109945],[-53.42014809116131,-0.998087558094142],[-53.4209788623844,-0.998086719026674],[-53.42181025054248,-0.997947146943091],[-53.42291732317574,-0.998085356553759],[-53.42305782156103,-0.998155838221123],[-53.42374893346636,-0.998502539460389],[-53.42388772313967,-0.999338284833755],[-53.42388821327029,-1.000035584074681],[-53.42388835266519,-1.000352701216002],[-53.42415824550642,-1.000995282106373],[-53.42514798988765,-1.001634904227274],[-53.42641765275232,-1.001588394888302],[-53.426772500949994,-1.000978756164443],[-53.4268027955124,-1.000352963818045],[-53.42734993045474,-0.999894068556273],[-53.42831940231832,-0.999335273004306],[-53.429287948779574,-0.998778267103148],[-53.429979021114775,-0.997941659279945],[-53.42979616286249,-0.997573805086802],[-53.42942473656211,-0.996826609660104],[-53.42845405960702,-0.995433142525371],[-53.428315332886086,-0.994178472258511],[-53.42845289768286,-0.993063749991904],[-53.429005396181935,-0.991948143691673],[-53.42997371781263,-0.990832564371203],[-53.43108032459713,-0.989856326907727],[-53.43204976228657,-0.989298416288705],[-53.433572978210236,-0.989158252451148],[-53.43454208854632,-0.988877813260274],[-53.43509507447794,-0.988459506201082],[-53.4357878735114,-0.988040918553395],[-53.43661772742604,-0.988040044412287],[-53.437310182019075,-0.987900734031484],[-53.438002127595894,-0.98706410912115],[-53.43910923170546,-0.986784262583456],[-53.44007945810034,-0.987062392315408],[-53.440910724849914,-0.987758834502472],[-53.441188121634355,-0.988872678131429],[-53.44132630696333,-0.989848967755506],[-53.44188152051561,-0.990963127046541],[-53.442436163897696,-0.991798896701539],[-53.443405735586055,-0.992634671752512],[-53.444237025717996,-0.993330201127719],[-53.44465337225512,-0.994027523751015],[-53.44479219430417,-0.994863270023757],[-53.445761730919,-0.996117054458352],[-53.445879362242636,-0.996184594443321],[-53.44673254367177,-0.996674453363141],[-53.44770128258796,-0.997091285534225],[-53.44894841743536,-0.997786816707958],[-53.45033355954598,-0.998482939635778],[-53.45144149283044,-0.999040014784669],[-53.452688589006925,-1.00015444926828],[-53.45302739689669,-1.000352720101716],[-53.45424711860943,-1.001165052524982],[-53.455349373574506,-1.001249986297637],[-53.45628210543464,-1.001163709837158],[-53.4572149038446,-1.000822480073168],[-53.458003872780296,-1.000352661645877],[-53.45803331118822,-1.000216946754506],[-53.4596777152542,-1.000215858574791],[-53.46126479383503,-0.999928560254716],[-53.46307843682024,-0.999128400155314],[-53.464438747749796,-0.998043141477638],[-53.46455081227003,-0.996445258441781],[-53.465230983023275,-0.995360733610767],[-53.46576641508784,-0.995242878355896],[-53.4665339019179,-0.995073943407533],[-53.46823626279314,-0.996213997777488],[-53.46895425543437,-0.996672980273672],[-53.47010849660961,-0.997410837140194],[-53.471413378724264,-0.999521345433607],[-53.47173630728457,-1.000352761470594],[-53.47216141411781,-1.008231128363661],[-53.47245197607771,-1.009801805109021],[-53.472891666317196,-1.010680413969737],[-53.47390760974821,-1.01207244758524],[-53.47671022639565,-1.015072931270538],[-53.477839457424864,-1.016038572921616],[-53.47983217791244,-1.017742610133155],[-53.48320898650536,-1.020954627853655],[-53.48490142156322,-1.023023257417208],[-53.487129544992285,-1.026774145310412],[-53.48827282972718,-1.02808678137967],[-53.488392105011485,-1.028223723845542],[-53.489116696877886,-1.028870241967866],[-53.48976756771884,-1.029160127637567],[-53.490501226550236,-1.029218484645071],[-53.491053060450156,-1.02915687029315],[-53.491549313549854,-1.029063125862422],[-53.49313520862279,-1.027055098913536],[-53.494385018953324,-1.025845204092661],[-53.49567938529515,-1.025019548213436],[-53.49704006494687,-1.024234239518307],[-53.4982378989597,-1.023910215583783],[-53.49888834981732,-1.02390460561287],[-53.503101035084455,-1.024988624125513],[-53.50515713349472,-1.025129648614154],[-53.507294984775456,-1.024799494001172],[-53.50761354173136,-1.024586999490282],[-53.50795553771775,-1.024358867567514],[-53.50885253501633,-1.022861292214714],[-53.509365569465274,-1.022004757213494],[-53.51002960728033,-1.021491192164603],[-53.510784596231986,-1.021312494176129],[-53.51101627238285,-1.021257658014349],[-53.511726316815896,-1.021246365227398],[-53.51361436610995,-1.021578336470839],[-53.51431556660998,-1.021885851550564],[-53.51507228405853,-1.022483137186896],[-53.515241690251514,-1.022800855974538],[-53.51560900395219,-1.023489751050988],[-53.51577016965746,-1.02424393151199],[-53.51591560442148,-1.024924506060813],[-53.51634358818592,-1.025809235707527],[-53.517554796916215,-1.027176214210783],[-53.5185989952472,-1.02805223392329],[-53.51957838753242,-1.02933474000605],[-53.51980170808213,-1.029958721117907],[-53.519916896847064,-1.030487854330772],[-53.519905910728994,-1.03070037312358],[-53.5198758931578,-1.031281060872118],[-53.519818100025134,-1.031449887901829],[-53.51960673865983,-1.032067317452572],[-53.51920486041581,-1.032809039605354],[-53.519179696485594,-1.032855480595799],[-53.51821391633899,-1.034164859320583],[-53.5177846672284,-1.034935768970399],[-53.51769235991435,-1.035101547298382],[-53.51764564283195,-1.036090169325632],[-53.51782367981883,-1.036814552549345],[-53.518117558478366,-1.037336588312655],[-53.51878383380671,-1.037958106181406],[-53.5195347488293,-1.038426487492188],[-53.52047332358484,-1.03864104055134],[-53.52165240673298,-1.038636564625563],[-53.52243661016115,-1.038526059529829],[-53.522513432948415,-1.039021118329742],[-53.524513763499215,-1.038208483734309],[-53.526242715528724,-1.038208483734309],[-53.527593059272135,-1.037308254272318],[-53.52697473579525,-1.037454284387536],[-53.5281430225823,-1.036447205573836],[-53.528983132365454,-1.035723019301713],[-53.53133616713018,-1.033694671271917],[-53.533648240473724,-1.03209338070468],[-53.535189833144045,-1.030753191206657],[-53.535264442699656,-1.030653671329674],[-53.536490278903045,-1.029018546468478],[-53.53813166754219,-1.026445239855775],[-53.539889548064025,-1.023073417104285],[-53.54023061235267,-1.022419215174409],[-53.541164081656916,-1.018871753028805],[-53.5416806063746,-1.01690880189949],[-53.54171584451046,-1.016658044832752],[-53.54210977274761,-1.01385484182731],[-53.542123918184075,-1.013754182509331],[-53.54269133913385,-1.012318843839353],[-53.54319163018937,-1.01159267456211],[-53.54471127310654,-1.010525144219855],[-53.54815459915528,-1.008881768978313],[-53.5486716059097,-1.008635019290523],[-53.5510634374275,-1.007066867841445],[-53.55423133710627,-1.005467333650301],[-53.555738999255254,-1.004504135457296],[-53.557264690113186,-1.002950140236578],[-53.55840640193372,-1.000608271454325],[-53.5585180015043,-1.0005472974197],[-53.558672523018345,-1.00035254923057],[-53.55942563058818,-0.999768680579905],[-53.560198850596294,-0.999432173156094],[-53.56104415846096,-0.999064293781942],[-53.56304580382056,-0.997198216724087],[-53.56448809874655,-0.995001852852965],[-53.564659373730876,-0.994546580060444],[-53.565375574922655,-0.992642818710976],[-53.56661874825642,-0.990338908513593],[-53.56805515082442,-0.988946059212992],[-53.56966165925803,-0.988349614442996],[-53.574600557869246,-0.987833337937957],[-53.57631952562548,-0.987653649795902],[-53.58030145115089,-0.988370681061895],[-53.583636086036336,-0.988461895699686],[-53.58365407517522,-0.98846659106016],[-53.58375687398035,-0.988331731424068],[-53.585428687583715,-0.986138521475425],[-53.58545015440092,-0.986101670855248],[-53.588219372026174,-0.981348127913577],[-53.58958964474613,-0.978995963692569],[-53.59078374657241,-0.976372493795338],[-53.59143351664329,-0.974311208095628],[-53.591611672340605,-0.973746037249668],[-53.59161165165625,-0.973746021061743],[-53.57022087119611,-0.95617507412021],[-53.57022084871301,-0.956175056133702],[-53.57020050155171,-0.956233787259293],[-53.56924934528092,-0.958979320339097],[-53.568877321830655,-0.959626657743911],[-53.56873471273667,-0.959874804978085],[-53.56829469244593,-0.96033274426054],[-53.56751527970624,-0.961143896773251],[-53.56632918544341,-0.961823214969172],[-53.56395393292752,-0.962622318365163],[-53.56061897338674,-0.963032636746561],[-53.55920249979539,-0.963206913667989],[-53.558956998366625,-0.963275485175245],[-53.558394642398696,-0.963432557166641],[-53.556072618056646,-0.964456821125168],[-53.55599964616658,-0.964489009659871],[-53.555999484288634,-0.964489080706244],[-53.55365951937114,-0.965021829193859],[-53.55217888544706,-0.965001377711246],[-53.55137248405276,-0.964990238708367],[-53.550812771192284,-0.964872199092497],[-53.54873046833626,-0.964433054741505],[-53.548730384699354,-0.96443303765443],[-53.548701306020234,-0.964531401902491],[-53.548552133673866,-0.965036009703908],[-53.544532291831615,-0.980134945171415],[-53.54418233234861,-0.981229433591295],[-53.54350271287973,-0.982111386131351],[-53.54330889638828,-0.98277509659323],[-53.54120574994522,-0.986368913394472],[-53.53803174656758,-0.98980801083087],[-53.53589480000477,-0.991415808892327],[-53.53532484926217,-0.991585578411559],[-53.53431509586483,-0.991886352173196],[-53.533958783570824,-0.991992486563731],[-53.440267060276426,-0.944610249463267],[-53.438372130269386,-0.924307468814391],[-53.437743781150346,-0.917575163762649],[-53.43774414987246,-0.917574016227718],[-53.44643566937043,-0.890533729747631],[-53.455117825127275,-0.863522572308625],[-53.45511784940908,-0.863522607382265],[-53.462019118187584,-0.873692893811835],[-53.46472964785477,-0.877687355886621],[-53.4647296694385,-0.877687387362869],[-53.481878315431686,-0.872643666471788],[-53.50031341103488,-0.847560591647834],[-53.49992448302828,-0.835929197374412],[-53.96101823380428,-0.820511242699411],[-53.955302539480385,-0.806359422848914],[-53.95458467274432,-0.805188002823854],[-53.95403602963887,-0.802770108053778],[-53.95392040740069,-0.799874344125499],[-53.95372894443494,-0.799277657437756],[-53.95317167323395,-0.797540963144797],[-53.9527533589802,-0.795443282781036],[-53.95262876330662,-0.794818486883457],[-53.95254693669159,-0.793337906019246],[-53.95168655079351,-0.789441601348585],[-53.951394831406105,-0.787486697353017],[-53.95126262477015,-0.787063479096048],[-53.950167812594316,-0.783558787807578],[-53.949774067818794,-0.781619075159938],[-53.949758035604646,-0.78105842340733],[-53.94973723068847,-0.780330865576843],[-53.949847343679835,-0.779435357555485],[-53.95023241719207,-0.77630368077007],[-53.95008511183829,-0.775063032732589],[-53.94926157116441,-0.771821262740843],[-53.949162531525474,-0.769856436525174],[-53.94915380720221,-0.769683363796048],[-53.949413035882685,-0.76817905431966],[-53.94950046617345,-0.767907677597066],[-53.94985673529993,-0.766801838833658],[-53.951447047842805,-0.76426253558725],[-53.951738769928056,-0.762206967777161],[-53.95159604392211,-0.761961317060923],[-53.95148322037409,-0.760864585731895],[-53.951429081186916,-0.760338313262366],[-53.95142946789542,-0.760338807889468],[-53.95164276640037,-0.760610802446308],[-53.9522763153995,-0.760772991580154],[-53.953272325357375,-0.761027970064617],[-53.95351557218572,-0.761023672204487],[-53.95458076608929,-0.761004852092015],[-53.955167428933464,-0.760850226256764],[-53.95691411559375,-0.759907647719615],[-53.957870962774564,-0.759698994213011],[-53.95809467992541,-0.759717607481377],[-53.95914926992259,-0.759805348038242],[-53.96112157759859,-0.760390803992266],[-53.96155241041521,-0.760453521812281],[-53.9624963325395,-0.760590930127137],[-53.96381814259303,-0.760309260663632],[-53.96652449940598,-0.758412671407427],[-53.96776975916691,-0.758030196036486],[-53.96988833347967,-0.757954639494869],[-53.976496610330116,-0.7596392594441],[-53.97774774086537,-0.760450626894738],[-53.978280290602754,-0.760795989942835],[-53.98023907877024,-0.762941302898639],[-53.98165035517957,-0.763934774969755],[-53.98177683403344,-0.764023809650894],[-53.98179975415519,-0.764039945287095],[-53.98210110887891,-0.764315738580194],[-53.98300426833208,-0.765142290184315],[-53.98408213188475,-0.766655254736008],[-53.98456890073396,-0.767682478363497],[-53.98477550558488,-0.768118473288723],[-53.98550783881558,-0.771030357564769],[-53.98716157874367,-0.77385574324768],[-53.98738116530831,-0.774351565572033],[-53.98772520725231,-0.775128407150135],[-53.98806389193493,-0.776660697233183],[-53.98816460071555,-0.777116323459381],[-53.988239222861694,-0.779708076966017],[-53.98823850070602,-0.77972115041058],[-53.98813379533817,-0.781628445196418],[-53.98824538411702,-0.782659633934713],[-53.98872271098412,-0.783632226445945],[-53.99103929172975,-0.786357698348866],[-53.99163371932053,-0.787709938762475],[-53.991915852834154,-0.789646699835146],[-53.9918843585761,-0.792854679599543],[-53.99242056855422,-0.794902959303897],[-53.99242420001667,-0.796411491996594],[-53.99242749333399,-0.797779647712275],[-53.99249107720124,-0.798111144113875],[-53.992573312108505,-0.7985398824095],[-53.992848474976995,-0.799146777301701],[-53.99329524108231,-0.800132158172403],[-53.99434396570132,-0.80142205668227],[-53.99452202247318,-0.801641061385681],[-53.99549128659345,-0.803146545376592],[-53.995891740311436,-0.803768538986731],[-53.99589240940702,-0.803769577703576],[-53.99633907928495,-0.804782175656726],[-53.99708935938628,-0.806483052650606],[-54.02448161263612,-0.828181153037633],[-54.02518843749618,-0.828741045762513],[-54.02446745281054,-0.826260999745159],[-54.02428816037013,-0.823731004482113],[-54.02428817385993,-0.823730469385509],[-54.024330126334064,-0.821220977765677],[-54.02490995972664,-0.81903096940357],[-54.026260371818466,-0.815800972436762],[-54.027050018843056,-0.811290957811195],[-54.02798081086553,-0.808250922841637],[-54.028085196974075,-0.807510481323504],[-54.02811051109103,-0.807330919086439],[-54.02815985239505,-0.807174695155823],[-54.02835850813847,-0.806545712914158],[-54.02869797792914,-0.805470884573424],[-54.02923966837585,-0.80293087535938],[-54.029350294879976,-0.800770848595619],[-54.02935024991393,-0.800770433108767],[-54.029333607959416,-0.800617108592462],[-54.02927818993629,-0.800106535587986],[-54.029041896666,-0.797929535019819],[-54.02895737838014,-0.797150856126962],[-54.028957460218464,-0.797150508089317],[-54.02920914988215,-0.796080826568755],[-54.030077742993285,-0.79450844830609],[-54.030220051713854,-0.794250833009357],[-54.03099825396606,-0.790690803737448],[-54.031254233396,-0.786271220440312],[-54.031440761781596,-0.783050749991958],[-54.03205111636572,-0.77853072141545],[-54.032238037755064,-0.774470665488536],[-54.03255847429392,-0.773070662081182],[-54.033008611058335,-0.771870693977121],[-54.03338148346853,-0.771377231473878],[-54.03422452144423,-0.770261549630618],[-54.034587906006834,-0.769780643461786],[-54.03464868488868,-0.769659466111307],[-54.035117529350316,-0.768724719769864],[-54.035129596453544,-0.768700659307797],[-54.03630907350481,-0.763957440583226],[-54.0365295342105,-0.763070870024478],[-54.03652959986101,-0.763070606523002],[-54.0364304136325,-0.760840603510871],[-54.03660970787155,-0.759550571901173],[-54.03759772105781,-0.758350602897792],[-54.037860937332255,-0.757460580741053],[-54.037860854594555,-0.757459700304764],[-54.03743750233872,-0.752940553063922],[-54.03743754100958,-0.75294029945502],[-54.03762060880382,-0.751740524705269],[-54.038368231408526,-0.750110629401831],[-54.038368294361135,-0.750110506194687],[-54.038410256727786,-0.749400549895256],[-54.03841012812478,-0.749400209951546],[-54.038021154252704,-0.748370515886336],[-54.03680807223458,-0.746970513378187],[-54.036609652113555,-0.746182857452709],[-54.03654104193538,-0.745910496871772],[-54.036548670884315,-0.744570516016267],[-54.03685003370197,-0.743790465657298],[-54.03809744823843,-0.742510506454494],[-54.03844840237173,-0.74195045814696],[-54.038520882332705,-0.741320492046839],[-54.038520775313316,-0.741319995621097],[-54.03820044579379,-0.739830485388438],[-54.03820044579379,-0.739830323510375],[-54.03820044579379,-0.739010439480012],[-54.03839881105614,-0.738530440727118],[-54.03923042044738,-0.737710454173964],[-54.039452767031435,-0.737271052616848],[-54.03947835094499,-0.73722049363073],[-54.03947837702532,-0.737220440570638],[-54.03969963093306,-0.735950436862936],[-54.03964237289705,-0.735325034822324],[-54.03960807815008,-0.734950442908371],[-54.039608114122984,-0.734950323298619],[-54.04010017638183,-0.733320424397903],[-54.04037754348866,-0.732944595916138],[-54.040439686642,-0.732860392393036],[-54.04067732619751,-0.732677854299368],[-54.04208001767853,-0.731600401736955],[-54.04331980236685,-0.729870424480339],[-54.043319644985445,-0.729869924457262],[-54.04299936582794,-0.728850404422474],[-54.04297671100619,-0.728692746972456],[-54.04275755521678,-0.727167637975924],[-54.04246911925429,-0.725160376350118],[-54.0420380544125,-0.718660328411204],[-54.041823910544906,-0.717845188304523],[-54.041759579340976,-0.717600312803938],[-54.04155042850931,-0.717177197969136],[-54.04105767017518,-0.716180341749237],[-54.040799157355025,-0.7146983777277],[-54.04071053096607,-0.714190308435832],[-54.04006965698886,-0.712760264974008],[-54.03969194083027,-0.712430231769645],[-54.03934867410186,-0.712130299773321],[-54.036819513409625,-0.711140260414538],[-54.03573994654113,-0.711030288616769],[-54.03393939768489,-0.712220303923743],[-54.03321841479777,-0.712240271571034],[-54.0331657585927,-0.712209417630277],[-54.03256991187175,-0.711860289120807],[-54.03248415971598,-0.711751775124185],[-54.03223803056051,-0.711440312020613],[-54.03210126616028,-0.710780285181841],[-54.03207019098636,-0.71063031963331],[-54.03207018289248,-0.710630280063185],[-54.03260039888903,-0.708900343276014],[-54.03260042946607,-0.708900244350616],[-54.03253939337816,-0.707620285147812],[-54.03218038941327,-0.706804654910684],[-54.03133775613236,-0.704890256380054],[-54.03128306745941,-0.703870601446965],[-54.028871346535254,-0.658904337265199],[-54.02887062707754,-0.658904299493656],[-54.0288697934061,-0.658904255426819],[-53.88018055378933,-0.651098310938096],[-53.87925098934153,-0.650221810987603],[-53.87905264746155,-0.650225229310649],[-53.87871002734573,-0.649966193984483],[-53.877822557464924,-0.649295229591019],[-53.87534523729272,-0.648156190555483],[-53.872364596248985,-0.646413199209633],[-53.87228047096676,-0.646364005394389],[-53.872238326937065,-0.646347058569745],[-53.869415708467955,-0.645212024215311],[-53.8665362276646,-0.644449298396125],[-53.8635260654753,-0.643411491546942],[-53.86191462246171,-0.642855918265866],[-53.85958930210444,-0.642431933786554],[-53.85590710712705,-0.641760544013607],[-53.85542693210704,-0.641527071017379],[-53.85524061596152,-0.641436479609581],[-53.85364849398263,-0.640662350387004],[-53.85173955253816,-0.639392791843704],[-53.85079856759967,-0.63895273378148],[-53.85028168854893,-0.63871101130394],[-53.84684415413426,-0.637712666706022],[-53.846693005077896,-0.637668768998253],[-53.84645836656023,-0.637537308799608],[-53.843529052523536,-0.635896108118743],[-53.842141352741066,-0.635498065483091],[-53.84109562915978,-0.63550405496801],[-53.84020599191285,-0.63550915052673],[-53.83410968921055,-0.635005763105312],[-53.82804021328508,-0.633812959900013],[-53.826369745966815,-0.633746447840053],[-53.82552790948523,-0.633920006203141],[-53.824200574896395,-0.634618898143458],[-53.82419759364382,-0.634620467460422],[-53.82417102227464,-0.634652144280835]]]}},{"type":"Feature","properties":{"OBJECTID":160.0,"NOME_":"CEMAL - Com. Ecol de Madeiras - UMF I","CATEGORIA":"CONCESSÃO FLORESTAL","MUNICIPIO_":"Almeirim","CAT_UC":"Uso Sustenºtável","DATA_DE_CR":"26/10/2012","APTAS_PARA":"Sim","CAT_TERRIT":"ÁÁreas estaduais destinºadas a produção florestal","AREA_HA":99868.54,"DESTINACAO":"Floresta Destinºada","ORGAO_GEST":"IDEFLOR-Bio","PASSIVEIS":"Sim","ESTAGIO":"Demarcação Inºiciada","AREA_DECRE":99868.54,"TIPO_FLORE":"TIPO A","OBS":"Floresta Estadual do Paru","SITUACAO":"Conºtrato de Conºcessão Processo nºº 2011/146353"},"geometry":{"type":"Polygon","coordinates":[[[-53.62957110172482,-0.567276585046159],[-53.64555549708837,-0.642510959013407],[-53.64842595679232,-0.656021466916968],[-53.64842613305939,-0.656022296091919],[-53.640728799694216,-0.682759314090902],[-53.63749879913013,-0.69397886023603],[-53.60132909526135,-0.709666565659177],[-53.51094974503451,-0.748866351700599],[-53.41771555992494,-0.722384906637956],[-53.417541543806976,-0.722159774853537],[-53.41748556640562,-0.722087355147039],[-53.41748487302823,-0.722086712131897],[-53.41526021288831,-0.720023464111364],[-53.41380947242908,-0.718677983901614],[-53.4109697398614,-0.716283610899779],[-53.40926984132989,-0.71506631196047],[-53.40909843414528,-0.71494356709178],[-53.408477011604646,-0.714594859465024],[-53.407122729729906,-0.713834913450285],[-53.404243163491,-0.71252976513631],[-53.40289846389277,-0.71168677392518],[-53.402898331692484,-0.711686690288332],[-53.40113655350888,-0.709980960552741],[-53.39824360805591,-0.705968480560671],[-53.39824258642608,-0.705967064128458],[-53.39827974101706,-0.706052791103218],[-53.39835249077464,-0.706220647764496],[-53.398267243138605,-0.708401873347498],[-53.39848349052045,-0.710793708462688],[-53.39891358679239,-0.713168950186741],[-53.400122040899305,-0.716745186141281],[-53.400385625895694,-0.718114372480159],[-53.4004273814183,-0.718331271870454],[-53.40042907664042,-0.720723414553788],[-53.399859646605194,-0.723896135498023],[-53.39951042996222,-0.724746756557408],[-53.39885355794519,-0.725670950253914],[-53.398340187149756,-0.726393243453288],[-53.398222592698346,-0.726631211261235],[-53.397988893972126,-0.727104132349666],[-53.39777717917326,-0.727956783178797],[-53.39770129977495,-0.728262374608732],[-53.39770120174893,-0.728262770310437],[-53.3977258584614,-0.72855826954833],[-53.397779751234395,-0.72920416264185],[-53.397791230180985,-0.729341729237262],[-53.39753927431792,-0.729995397869118],[-53.3975391457148,-0.729995730618327],[-53.39691428236807,-0.731616926779566],[-53.396356664028644,-0.732479667102723],[-53.39495601760598,-0.734005524335316],[-53.394120225467816,-0.735487104346248],[-53.393962365670404,-0.736086616703858],[-53.393926417070304,-0.736223142783558],[-53.393934207897246,-0.736419477376842],[-53.39398713839552,-0.737753315862619],[-53.39363205097817,-0.739300550879534],[-53.39299711072795,-0.740142598701766],[-53.39231978812745,-0.740752458658903],[-53.392238599131815,-0.740825560950668],[-53.39200311974804,-0.740957048129133],[-53.39001611265331,-0.742066558824376],[-53.38708601530715,-0.743295259368438],[-53.38525776283535,-0.744511725535517],[-53.38460530918752,-0.745304893405944],[-53.383696833841555,-0.746914511695138],[-53.38248330665914,-0.74953949155406],[-53.38224589463215,-0.750053036817974],[-53.38190485912173,-0.750994364398196],[-53.381071492455135,-0.753294626945319],[-53.380016994188736,-0.755635343695985],[-53.37821537154201,-0.759011489488501],[-53.377013433023365,-0.760166293639372],[-53.37499785536659,-0.761601433559065],[-53.37356369390915,-0.763864018109814],[-53.37302484801813,-0.765388414843301],[-53.37295448955791,-0.76841585300906],[-53.3733692793686,-0.769790595359495],[-53.37340732159049,-0.769916680310246],[-53.37340766693001,-0.769917824248012],[-53.37332809671415,-0.770183716904853],[-53.37389802137636,-0.770992108498774],[-53.374212886615226,-0.771263798185544],[-53.37480364946862,-0.771773553706339],[-53.37610527783613,-0.772374603904666],[-53.37636171412157,-0.772422447837471],[-53.376413107678616,-0.772432036409214],[-53.37764324084276,-0.772661546992651],[-53.37831782230944,-0.772787406213638],[-53.38049139196403,-0.773464735109258],[-53.381030690214004,-0.773891351004863],[-53.38137986728691,-0.774167568778125],[-53.38138000398379,-0.774167953687936],[-53.38146522553956,-0.774406644550822],[-53.381950935886834,-0.77576703192284],[-53.3819510132285,-0.775767248659406],[-53.38204506522737,-0.775878539762573],[-53.38219858849385,-0.776060201916607],[-53.382199331333936,-0.776061081453577],[-53.383448126329824,-0.776534809233908],[-53.384619120975515,-0.776979024861816],[-53.384859925245166,-0.777139237285837],[-53.38524030519574,-0.77739231370407],[-53.38589894348132,-0.778171015080147],[-53.38661355197371,-0.779599218528915],[-53.38751305298484,-0.780507504117793],[-53.38797879208738,-0.780977791092027],[-53.389260937542076,-0.781725169980405],[-53.39210261084668,-0.783381617767247],[-53.393422992776664,-0.78375751010077],[-53.39463248919782,-0.784296204905729],[-53.39480394134864,-0.784439940850405],[-53.395720670672176,-0.785208474491299],[-53.39655578202354,-0.78625855348929],[-53.397443138589836,-0.786845164172746],[-53.398251195635964,-0.78737935157568],[-53.40085873134518,-0.788500986930785],[-53.400859078483506,-0.788501136218315],[-53.40102940198511,-0.788745674473091],[-53.401763609402906,-0.789799796822933],[-53.40257972077734,-0.791544622785977],[-53.403630428401414,-0.793791012345196],[-53.404150133122016,-0.79569410010248],[-53.404150532421,-0.795695561500736],[-53.41785353661129,-0.767528373235564],[-53.421232008050595,-0.760583761631096],[-53.51576873433942,-0.791881504327819],[-53.506007669118446,-0.820631884054023],[-53.464385906284406,-0.850866561542375],[-53.45964734694729,-0.854308722969051],[-53.459646633784985,-0.854308787720186],[-53.457979494857625,-0.854460345967993],[-53.448466243222356,-0.855325188006873],[-53.44157248558162,-0.864188590430956],[-53.442345509537404,-0.880842772076107],[-53.4361443791596,-0.891462862520939],[-53.4286372524071,-0.905676357877439],[-53.425772652685566,-0.911100000064721],[-53.41649100795348,-0.928673249270844],[-53.410283110177204,-0.930774383930441],[-53.410283082298236,-0.930774369541325],[-53.3764550466629,-0.913134566007272],[-53.35540448602802,-0.902157641661631],[-53.30333304528364,-0.959660534306011],[-53.294072075965346,-0.947323655162336],[-53.2809345187128,-0.929822628711179],[-53.28093346560672,-0.929823035204777],[-53.23902081256023,-0.94600573287812],[-53.23920492446746,-0.946107087372013],[-53.23963817735978,-0.946324588408743],[-53.2400709311284,-0.946578090206515],[-53.24053993387065,-0.946904091750298],[-53.24082918551835,-0.947158843605564],[-53.241153437880655,-0.94744809615247],[-53.24151494106155,-0.947847598387739],[-53.24176744281306,-0.948101850220041],[-53.24212869508301,-0.948609602950683],[-53.24230869618924,-0.948899104609836],[-53.24245369658064,-0.949226857133567],[-53.24259794783683,-0.949552859576556],[-53.24270619833226,-0.94995136176567],[-53.24288744949604,-0.950350864000939],[-53.242959700129916,-0.950750617147094],[-53.24310445140907,-0.951258620788565],[-53.243176452031435,-0.95183887416448],[-53.24332095329919,-0.952382877667446],[-53.24353795521233,-0.952890631297407],[-53.2437907069754,-0.953508134592596],[-53.244043708749984,-0.954196639363204],[-53.24429646051311,-0.954813893546202],[-53.2446579618952,-0.955793650056762],[-53.24487446378532,-0.95641065422808],[-53.245020216010005,-0.957245659459431],[-53.245128216493754,-0.957826162846914],[-53.24490396514568,-0.958930920625335],[-53.2449044651687,-0.959837176444353],[-53.2449404650302,-0.960563931180218],[-53.244976965814146,-0.961253435097717],[-53.2449779658603,-0.962123691954616],[-53.245085466321086,-0.962813445883683],[-53.24566422052709,-0.964118953926345],[-53.24584472255577,-0.964990459941532],[-53.24613422421487,-0.965789215299822],[-53.24624322474489,-0.966296968929726],[-53.24645997664646,-0.966732721038056],[-53.24685597961957,-0.967457975704804],[-53.247108481371185,-0.967856228781784],[-53.247254231797115,-0.968623733598292],[-53.247434482914855,-0.969095986490402],[-53.24757948510495,-0.96967598985475],[-53.24765173483951,-0.970075993012529],[-53.24772398547333,-0.970619996515325],[-53.24779673613028,-0.971128000156853],[-53.24783323691412,-0.971745754362871],[-53.247941737421115,-0.972361258465128],[-53.24801473808952,-0.972833261345727],[-53.248158988446335,-0.973487265424808],[-53.2482309890687,-0.97406726878927],[-53.24830398973717,-0.974467271946878],[-53.24834074053251,-0.975193026636646],[-53.24841249114331,-0.9760270318219],[-53.24841324117796,-0.977007288355537],[-53.24844974106247,-0.977842044474528],[-53.24848724189246,-0.978531798403537],[-53.24848799192711,-0.979257053070341],[-53.248523742676355,-0.979693306101012],[-53.24845124203097,-0.98020155975388],[-53.24830774080942,-0.980677562819096],[-53.24827299100559,-0.981295067013548],[-53.24827349102861,-0.981803320666472],[-53.24802148930013,-0.98231132340868],[-53.24794898865474,-0.982819327050152],[-53.247877238043884,-0.983509581002181],[-53.24787748805545,-0.984125835138968],[-53.24787773806702,-0.984743089321853],[-53.24784273825162,-0.985287592847953],[-53.24773473776776,-0.986376599899927],[-53.247734987779324,-0.986993604071415],[-53.24769948794079,-0.987428357032798],[-53.24770023797544,-0.988082611123446],[-53.24759223749163,-0.988698365237155],[-53.247555737606945,-0.989207868947858],[-53.247413236431555,-0.989860372957708],[-53.247304235901595,-0.990405126495205],[-53.24705248418462,-0.991041130643453],[-53.2469812335969,-0.992239388236953],[-53.24697090668184,-0.992307118878159],[-53.24690923297453,-0.992711642028496],[-53.2469094829861,-0.993255645531463],[-53.24690998300906,-0.993690898515979],[-53.24683798328607,-0.994235902064986],[-53.246730731937475,-0.994779905567952],[-53.24669498208755,-0.995396408817044],[-53.246658732214485,-0.996050163783821],[-53.246659482249015,-0.996703417828257],[-53.2466959821337,-0.997211920593486],[-53.2466969821798,-0.998010176827961],[-53.2467687327906,-0.998445179800967],[-53.246841483447554,-0.998953932577763],[-53.246913234058354,-0.999316184893814],[-53.247022234588314,-0.999642687359938],[-53.247310737100634,-1.000296191415885],[-53.24733623737728,-1.000352441311918],[-53.24870074634214,-1.00229220432152],[-53.249552252334354,-1.004460218863812],[-53.24940975205823,-1.006855984016283],[-53.24864924756457,-1.008607745550876],[-53.2477802416646,-1.009921254861865],[-53.24625898086708,-1.01123651335422],[-53.24484572235207,-1.012660272353457],[-53.24354071343299,-1.013426528011678],[-53.242453705573894,-1.013755780604583],[-53.24260024650397,-1.013790078049396],[-53.242792547637805,-1.013835086419931],[-53.24280593044915,-1.013838217859302],[-53.24316709278696,-1.01389646964617],[-53.24381951495843,-1.014001323402169],[-53.24519426180552,-1.014269282701093],[-53.24602143933771,-1.014397436991885],[-53.24667021295983,-1.014117927699999],[-53.246895218839086,-1.013919770181076],[-53.247068844651324,-1.013800565943143],[-53.24710993377619,-1.013769508755672],[-53.24762413644447,-1.01330917637722],[-53.24766944698723,-1.013268612456272],[-53.24853985852752,-1.012954993677852],[-53.24928625355756,-1.013079607337772],[-53.24954066546917,-1.013143634570895],[-53.2500319381233,-1.013267272466464],[-53.250717192744105,-1.013454257707622],[-53.251027783505265,-1.013828914372709],[-53.25103113887576,-1.013838992175579],[-53.2512153703928,-1.014392271286113],[-53.25109104721389,-1.01501788286879],[-53.25102876736355,-1.015581130964279],[-53.25090444328521,-1.016206742546956],[-53.25065633112462,-1.016770601282076],[-53.25047097365638,-1.017209044161916],[-53.250346257473666,-1.017709426948329],[-53.25047149256511,-1.018522521996601],[-53.250720424008136,-1.019085664871398],[-53.25103211104289,-1.01952339099148],[-53.25152982104419,-1.020023566933901],[-53.25202733139605,-1.02046157993783],[-53.25277374800993,-1.020585286181756],[-53.253644242287805,-1.020585165672628],[-53.25451474735752,-1.020584142244161],[-53.255260752081824,-1.020584421033959],[-53.255882988508915,-1.020521148332136],[-53.25625577638283,-1.020019949860625],[-53.256628277372954,-1.019143986805375],[-53.25737510587629,-1.018830768225143],[-53.25830697888375,-1.018266483211391],[-53.25924010734491,-1.018391377459864],[-53.26043202202004,-1.01876601433986],[-53.2613022078304,-1.018953258585839],[-53.26223574278515,-1.019202471516678],[-53.26310593039415,-1.019389712165321],[-53.26366691129874,-1.01963924435546],[-53.26397750475786,-1.020014789550657],[-53.264474753406944,-1.020076224937668],[-53.264847400087206,-1.019827262018225],[-53.2651581383372,-1.019388422537475],[-53.26615314914835,-1.018823930679673],[-53.266837027806446,-1.01857305400307],[-53.2676453843269,-1.01832267105425],[-53.26820447035982,-1.018259573720115],[-53.268763461964056,-1.017883874740789],[-53.26932326205866,-1.017195578612871],[-53.26975856630463,-1.017069832706397],[-53.27056691473115,-1.017381590787636],[-53.271065137346056,-1.017757433658403],[-53.271065231774855,-1.018070038001611],[-53.270692652543744,-1.018634311324263],[-53.27025686176455,-1.018883471194954],[-53.269759911690414,-1.019196807586468],[-53.2693242926818,-1.019510830160527],[-53.26895203270999,-1.01988592209733],[-53.268579560498154,-1.02019975131725],[-53.26826812707225,-1.020700744743408],[-53.268206766329,-1.021264000033341],[-53.26845632729743,-1.02201361733438],[-53.26870487473002,-1.022452424439621],[-53.26914146500644,-1.023014955775352],[-53.26963939893898,-1.023577273971796],[-53.270136928176555,-1.024015266291372],[-53.270447540521445,-1.024389904969951],[-53.271223915351186,-1.024577880364745],[-53.271907821888306,-1.023763057718782],[-53.27234202896125,-1.023013000649257],[-53.27234086074196,-1.022073384478972],[-53.27203015486759,-1.021386145054407],[-53.272029180901825,-1.02050958934592],[-53.272339504564286,-1.019946421290172],[-53.27296243616729,-1.019820974857907],[-53.27383263816557,-1.020007296399399],[-53.27439260643342,-1.020508147732698],[-53.27495217810031,-1.021445913098262],[-53.27526438224527,-1.022321449874823],[-53.27563851190763,-1.023385957595622],[-53.275763692140515,-1.024448576740213],[-53.27570290426547,-1.0268892288546],[-53.27589011703509,-1.027890377538711],[-53.2759530425987,-1.028954092956781],[-53.27607832175693,-1.029767166421436],[-53.276140752693436,-1.030393057693288],[-53.27638951416452,-1.030894016045806],[-53.27669714615621,-1.031202413360518],[-53.27682572222915,-1.031331310491453],[-53.27726022248106,-1.031519048465157],[-53.27769634331145,-1.031642844641397],[-53.278317882763815,-1.031642596428526],[-53.27894032423637,-1.031642358108172],[-53.279623710066005,-1.031516681449489],[-53.28012065654286,-1.031204243480829],[-53.28036894676927,-1.030702544086978],[-53.28055588344705,-1.030201959852377],[-53.280991289316376,-1.029826671863248],[-53.281425401061256,-1.029888284416643],[-53.28186180787594,-1.030388636626071],[-53.28217282041919,-1.03088938723522],[-53.2822212039452,-1.030931014154817],[-53.2826088288341,-1.031264515145097],[-53.283106684525706,-1.031514215508423],[-53.283727526104315,-1.031576112247649],[-53.28435036777506,-1.031701089233707],[-53.285096399479016,-1.031700423735401],[-53.28571794792481,-1.031699266307896],[-53.28634038849793,-1.031699018994345],[-53.286961927051095,-1.031698759989638],[-53.28789558970948,-1.031698386770927],[-53.288776630337054,-1.031885700264638],[-53.28964665426952,-1.032009830988727],[-53.290267791725,-1.031884345885715],[-53.291013922354466,-1.0316332353853],[-53.29132492860242,-1.031007915182954],[-53.29138726600934,-1.030194240071921],[-53.291261667591755,-1.029568545751545],[-53.29095003901284,-1.028880414199477],[-53.290763499835464,-1.028380157318225],[-53.29094912170439,-1.027754334394785],[-53.29163309838856,-1.027252990233137],[-53.29237932074892,-1.026751438328063],[-53.292751872101064,-1.02618805803229],[-53.29268911650934,-1.025750439830631],[-53.2923798261678,-1.02501458665364],[-53.29194471797416,-1.024639472233673],[-53.29121779776301,-1.024384516232203],[-53.29104343720468,-1.024005106650179],[-53.29069224115386,-1.023386794864393],[-53.290456377759426,-1.022619326020902],[-53.29025117135433,-1.021853100040346],[-53.29036849600914,-1.021203984675878],[-53.29038533581439,-1.020747433047461],[-53.29081993499187,-1.020120780049808],[-53.2910686892684,-1.019495653201659],[-53.2910684959142,-1.018868645871123],[-53.29106717391079,-1.018181266152283],[-53.290818308118276,-1.016964110205322],[-53.290817800001264,-1.016526279763752],[-53.29100281033118,-1.015713055213098],[-53.291251278623406,-1.015274401891986],[-53.29168666380832,-1.014899095017086],[-53.291997668257636,-1.014836805274115],[-53.29237123044777,-1.015149077767489],[-53.29268244983501,-1.015711996711104],[-53.29311735568126,-1.016024052467912],[-53.29361499553539,-1.016211585396206],[-53.294112233392696,-1.016273893125515],[-53.29460956837664,-1.016085757651354],[-53.294983119775,-1.015834979900262],[-53.29523207460039,-1.015272009695309],[-53.29523156288616,-1.014834178354363],[-53.294982290600046,-1.014458432610411],[-53.29478802264896,-1.014263345376946],[-53.29460853235764,-1.014083098755862],[-53.29429710432777,-1.013458015974493],[-53.294421580391486,-1.012894554739773],[-53.294669632297484,-1.012331571044967],[-53.29491788924895,-1.011830750288709],[-53.29504256046556,-1.011330352213747],[-53.29504205864396,-1.010891616154993],[-53.29485452301765,-1.010641780893252],[-53.29429493876023,-1.010267071168244],[-53.293673414596185,-1.009704286223609],[-53.29349530116701,-1.009346989172059],[-53.29323671010593,-1.008828253920569],[-53.292801007460355,-1.008265740571233],[-53.29267641358547,-1.007389586859802],[-53.29286232863336,-1.007139415251572],[-53.293236277531946,-1.007013862699466],[-53.293857090332324,-1.007075750445267],[-53.2947902178941,-1.007199680620545],[-53.2953503858115,-1.007199628459944],[-53.29597229758326,-1.007324585660911],[-53.29675477251453,-1.00744953386868],[-53.297252002277844,-1.007511838900029],[-53.297750547749445,-1.007698480600254],[-53.298122697104645,-1.008136860527543],[-53.298185661339005,-1.008636653358678],[-53.29818591135057,-1.008941831100401],[-53.29818627737467,-1.009387999156672],[-53.29812464863346,-1.010139550000019],[-53.29825025064838,-1.010765263206167],[-53.298622910818494,-1.011077522209689],[-53.29918209667619,-1.011326998641835],[-53.29968023205686,-1.011389310867798],[-53.300115720663825,-1.01132660294013],[-53.300613049352535,-1.011138459372205],[-53.30104863148887,-1.010825306442598],[-53.30148310386198,-1.01044997888323],[-53.3017933897529,-1.009886782948456],[-53.30197949905448,-1.009134817517577],[-53.30202127256348,-1.008610546039677],[-53.30208442385691,-1.007817992406217],[-53.30203221731284,-1.006597607893127],[-53.30203890647016,-1.005757152770229],[-53.302287256051784,-1.005004975998702],[-53.30272222035404,-1.004504425938364],[-53.30334330025295,-1.003815860912994],[-53.30396519763559,-1.003376850560926],[-53.30452434482237,-1.003064167077468],[-53.305519583162095,-1.002876161105803],[-53.306203952849955,-1.003062163387995],[-53.30676351912098,-1.003438665461829],[-53.30695067703198,-1.004126329366443],[-53.30682712906861,-1.004688911064193],[-53.306702669192646,-1.005252383090806],[-53.306454716212045,-1.005565833696096],[-53.30595760246115,-1.00581614739707],[-53.30546008401552,-1.005941233201213],[-53.30502450907369,-1.006254392426058],[-53.30483760567074,-1.00675500543889],[-53.30477669278997,-1.007443505713013],[-53.30490120122931,-1.008006145866773],[-53.30496470145965,-1.008356303200628],[-53.30502610626962,-1.0086949141388],[-53.30533733644876,-1.009257832183039],[-53.305711008356184,-1.009883605643722],[-53.30614661117693,-1.010133499361359],[-53.30676833139324,-1.010195379912716],[-53.307328295164496,-1.0101331513236],[-53.30794961967899,-1.010068902857427],[-53.30838510648732,-1.010006186835881],[-53.308944167339234,-1.009943946555723],[-53.30938027737773,-1.010067719349536],[-53.309753222632935,-1.010193491336395],[-53.31006536112733,-1.010756414776552],[-53.31031365944767,-1.011381688214101],[-53.310438870257485,-1.011882170825345],[-53.3108112516378,-1.012381800879211],[-53.311309698183834,-1.0128206727357],[-53.31180754937873,-1.013070353313935],[-53.312367030214034,-1.013132434414103],[-53.31311242879542,-1.012943437389481],[-53.31350839759432,-1.0123802900182],[-53.314254125327466,-1.011191317025521],[-53.31487406218798,-1.009876619710042],[-53.31524645436019,-1.009000598198895],[-53.31574353123881,-1.008187223461448],[-53.31599205079226,-1.007499007373156],[-53.316005603575604,-1.007402628828117],[-53.316053773962324,-1.007060060872959],[-53.31555629958336,-1.006372555249072],[-53.31499629624187,-1.005872638311416],[-53.314187222062515,-1.005059142165521],[-53.31344038366649,-1.004246335799564],[-53.31256955663957,-1.003308724217959],[-53.3124457433762,-1.002683027199737],[-53.3125687895178,-1.002245661707775],[-53.3130045650085,-1.00199465732743],[-53.31361927500939,-1.001633030939331],[-53.31492515627082,-1.00117098625185],[-53.31621565912519,-1.000874532833222],[-53.31721307112616,-1.000814455422642],[-53.31797706409009,-1.001302227915346],[-53.31810076044155,-1.001615313395803],[-53.31853717894751,-1.00211565841073],[-53.31884821037647,-1.002616409919199],[-53.319097219161165,-1.003178632787524],[-53.31953191096869,-1.003429409639409],[-53.32027831948869,-1.003553020555159],[-53.3205885801986,-1.002989806634048],[-53.32058820518125,-1.002051971121432],[-53.32046278842677,-1.001488419055079],[-53.32043989978138,-1.000871049758871],[-53.32120212018151,-1.000870511964422],[-53.32257643085745,-1.000985782567625],[-53.32294917286589,-1.001048482401302],[-53.32400640597069,-1.001610673793323],[-53.32444171741116,-1.002048839682061],[-53.32493948227108,-1.002548958967054],[-53.32556123216489,-1.003174778293214],[-53.326307970736025,-1.00367405581278],[-53.32686798217151,-1.0041739619586],[-53.3278000476339,-1.004798716487414],[-53.328609012995344,-1.005299581310453],[-53.32941708802804,-1.005799534220898],[-53.330062500883514,-1.006188444241104],[-53.33035075338432,-1.006362138401755],[-53.33140614917431,-1.006361233683776],[-53.3314944823843,-1.006064754184877],[-53.331592614607246,-1.005735382881369],[-53.33128143658888,-1.004922031526235],[-53.330845162873686,-1.00392080550057],[-53.330612384153994,-1.003195707315797],[-53.3304359371686,-1.002272135050816],[-53.33047975753465,-1.001414068504289],[-53.330631568491924,-1.000578819556608],[-53.330706246396005,-1.000352622075695],[-53.33025679671363,-0.998022414802392],[-53.33018876120218,-0.997002740084156],[-53.33072732920266,-0.996186190739934],[-53.33126798183173,-0.995506600948715],[-53.33248303966042,-0.995097553309222],[-53.33352383046025,-0.995028916151398],[-53.33413164445966,-0.994960880639951],[-53.33480862351888,-0.994756673381573],[-53.33528070913712,-0.994483527692466],[-53.33555043380534,-0.994075704030365],[-53.33555029710834,-0.993600924043221],[-53.33568533660883,-0.993056470879139],[-53.33622476975711,-0.992648032080865],[-53.33676523083051,-0.992715284282724],[-53.33723878953833,-0.99271512690143],[-53.33831940951296,-0.992714487483397],[-53.341126498488904,-0.98954374324893],[-53.34133494874874,-0.98885587519834],[-53.34140458235544,-0.988626088522949],[-53.3414009293092,-0.988536967506889],[-53.341353581802196,-0.987381817116955],[-53.34132437721803,-0.986669311239552],[-53.34128768397926,-0.986558097478053],[-53.340931555146994,-0.98547870687662],[-53.34046308300475,-0.984058816760751],[-53.34039806112139,-0.983334656568957],[-53.34060569389743,-0.981937821473082],[-53.341258764480244,-0.980472940973243],[-53.3426154682291,-0.9788245655011],[-53.34274582585897,-0.978668135625753],[-53.40296301003474,-0.956815877950191],[-53.40301523816248,-0.956750181575387],[-53.40387681296431,-0.956424247480811],[-53.40406219021776,-0.956354120146386],[-53.40426511864018,-0.956277352217853],[-53.40567119157197,-0.956118863794302],[-53.40627232990397,-0.956050767129],[-53.40707817551714,-0.955959480545403],[-53.40750371582368,-0.955584287884392],[-53.40829186727569,-0.954889385336685],[-53.40832773133951,-0.954857765173585],[-53.409107282574894,-0.953599538987305],[-53.4105137017458,-0.952339157126232],[-53.412075078601845,-0.950765125010378],[-53.41225422625138,-0.950512607970268],[-53.41285383123909,-0.949667439500502],[-53.41285650312483,-0.94966367403913],[-53.41332512275608,-0.948875942570453],[-53.413480672195135,-0.9479325213685],[-53.413405971808004,-0.947882474996049],[-53.41329986709496,-0.947811276568984],[-53.42228213830987,-0.937454004898257],[-53.44576051773356,-0.881258402752906],[-53.445089738600416,-0.873427516466563],[-53.44505253634526,-0.873125390124471],[-53.44457366714079,-0.871305387133759],[-53.44540635661792,-0.86937078713197],[-53.44667256518659,-0.867292211965832],[-53.4501007727323,-0.864014329697397],[-53.45163284517952,-0.861864721579479],[-53.453220093732114,-0.860693402278457],[-53.45552275117382,-0.85949379839991],[-53.45724987668018,-0.85905838623529],[-53.45903549768991,-0.859214729775715],[-53.460129961828045,-0.859490626491038],[-53.46179002668822,-0.860164636888328],[-53.463357103447436,-0.861180955336636],[-53.46423334529243,-0.862121294561916],[-53.46513474836979,-0.86381792945366],[-53.48214005771729,-0.857856393757402],[-53.49500368327318,-0.834602914992388],[-53.62179150737194,-0.768977922992576],[-53.62224236629203,-0.768288712254048],[-53.62629882672934,-0.765539352558847],[-53.626905477006005,-0.765286264449287],[-53.62856822274506,-0.764592584080333],[-53.63097438406044,-0.763842814793918],[-53.6351070521485,-0.7613834702708],[-53.636240400274005,-0.760529861663599],[-53.63661292644525,-0.760249285775728],[-53.63958205167012,-0.756114832533228],[-53.64128101670536,-0.75473246483125],[-53.642470178555755,-0.753764899530267],[-53.64394075356279,-0.752975124801992],[-53.64473510853827,-0.752548514302191],[-53.6453168880638,-0.752439961634707],[-53.64685708318768,-0.75215257877835],[-53.64829698052108,-0.752146043404935],[-53.65196845647887,-0.752726179869171],[-53.653228165647135,-0.752793450956858],[-53.65754339970789,-0.752283642376028],[-53.65905870789288,-0.752104621530918],[-53.66035521192333,-0.752101960436903],[-53.66395076261739,-0.752579365545103],[-53.66521070650873,-0.752746657432112],[-53.66566533988333,-0.752379182752861],[-53.66881070794767,-0.751972217043999],[-53.67309575446535,-0.750607353746148],[-53.674243288496825,-0.750008269465923],[-53.67496771668658,-0.74963007216985],[-53.6767111684855,-0.74904439947926],[-53.678422489306286,-0.748686408150945],[-53.67927673373413,-0.748660024740104],[-53.679666164461764,-0.748647997207172],[-53.681052204095806,-0.749049988765819],[-53.68275735107068,-0.74911101136388],[-53.6861596401551,-0.74775125891324],[-53.68855082865758,-0.747037994907373],[-53.68962872278712,-0.746382260532641],[-53.68970628661555,-0.746319539115234],[-53.69144989489649,-0.74490958021272],[-53.69405300504201,-0.743408966050708],[-53.69677607305715,-0.741294902737422],[-53.69781049665693,-0.740655817511822],[-53.697950075035806,-0.740612962118348],[-53.70015301295098,-0.739936577510889],[-53.70179727942076,-0.738825228601286],[-53.70321866960575,-0.737644863919115],[-53.70384331261863,-0.736929687954557],[-53.704484933932406,-0.736195074043223],[-53.7048062419143,-0.735827198266293],[-53.70578573132627,-0.734137509738105],[-53.70666755796128,-0.731344799122951],[-53.706725408650414,-0.731161587437157],[-53.707616517188285,-0.728339479783017],[-53.76318516955979,-0.67286477688765],[-53.76718977508784,-0.671067002439941],[-53.768948429925956,-0.67054419146109],[-53.77496200669111,-0.667981815208464],[-53.77880583142377,-0.667008463669447],[-53.77912930497331,-0.666926552518248],[-53.78060397639223,-0.665963610631934],[-53.786002226221626,-0.660532809841072],[-53.788279921181186,-0.659139050426631],[-53.78888060715417,-0.659017182396838],[-53.78947103545977,-0.658499010120977],[-53.78964918935844,-0.658342657587411],[-53.789933170978884,-0.658250907852846],[-53.790197755122165,-0.657911423673056],[-53.79115709342494,-0.656680509897456],[-53.79201095384224,-0.655152207408264],[-53.793435091456104,-0.65260318069204],[-53.79532128904606,-0.650114742201424],[-53.795401367378986,-0.650009095243377],[-53.796490983272065,-0.649053871338879],[-53.79699722154436,-0.648783718593563],[-53.79704293768128,-0.648759322684441],[-53.7981998048769,-0.648545757080853],[-53.80338111304775,-0.648538147017689],[-53.80419763900966,-0.64833475274645],[-53.80508818097462,-0.648112922373286],[-53.807718140379734,-0.646726237925407],[-53.812018870174484,-0.644846309509433],[-53.81257582211629,-0.644485317143506],[-53.8134497877773,-0.643918850374348],[-53.81428976446091,-0.64295068972234],[-53.81568252742653,-0.641345384581598],[-53.81655351633157,-0.640610540443902],[-53.81788715696655,-0.63999465682781],[-53.820144328497804,-0.638952281422405],[-53.8215157748329,-0.637639298214822],[-53.822275153375415,-0.636912290769374],[-53.82417102227464,-0.634652144280835],[-53.82419759364382,-0.634620467460422],[-53.824200574896395,-0.634618898143458],[-53.82552790948523,-0.633920006203141],[-53.826369745966815,-0.633746447840053],[-53.82804021328508,-0.633812959900013],[-53.83410968921055,-0.635005763105312],[-53.84020599191285,-0.63550915052673],[-53.84109562915978,-0.63550405496801],[-53.842141352741066,-0.635498065483091],[-53.843529052523536,-0.635896108118743],[-53.84645836656023,-0.637537308799608],[-53.846693005077896,-0.637668768998253],[-53.84684415413426,-0.637712666706022],[-53.85028168854893,-0.63871101130394],[-53.85079856759967,-0.63895273378148],[-53.85173955253816,-0.639392791843704],[-53.85364849398263,-0.640662350387004],[-53.85524061596152,-0.641436479609581],[-53.85542693210704,-0.641527071017379],[-53.85590710712705,-0.641760544013607],[-53.85958930210444,-0.642431933786554],[-53.86191462246171,-0.642855918265866],[-53.8635260654753,-0.643411491546942],[-53.8665362276646,-0.644449298396125],[-53.869415708467955,-0.645212024215311],[-53.872238326937065,-0.646347058569745],[-53.87228047096676,-0.646364005394389],[-53.872364596248985,-0.646413199209633],[-53.87534523729272,-0.648156190555483],[-53.877822557464924,-0.649295229591019],[-53.87871002734573,-0.649966193984483],[-53.87905264746155,-0.650225229310649],[-53.87925098934153,-0.650221810987603],[-53.88018055378933,-0.651098310938096],[-54.0288697934061,-0.658904255426819],[-54.02887062707754,-0.658904299493656],[-54.02887003532368,-0.658899066338677],[-54.02555119433197,-0.629572276039426],[-54.02510962810669,-0.621277774849261],[-54.02507779030765,-0.620679672628626],[-54.02431865727999,-0.615839685053288],[-54.02389903721064,-0.614329650492778],[-54.0231704253747,-0.612549665534402],[-54.0225982164344,-0.609539612163132],[-54.02191919591394,-0.606919612749721],[-54.02174753332173,-0.605699617643097],[-54.02166742351261,-0.602749585924471],[-54.020111016310125,-0.598089545495895],[-54.01966850849459,-0.59553952233091],[-54.018459240501386,-0.590899509804387],[-54.01884834207715,-0.584389447914532],[-54.01869956813039,-0.583059481010082],[-54.016609099430184,-0.575459421914616],[-54.015678306508505,-0.5740194247565],[-54.01414097302728,-0.572419386945],[-53.83963341335112,-0.603638172763226],[-53.83963309768916,-0.603637506365658],[-53.793301597890206,-0.505915753708905],[-53.91087321912363,-0.504180418291526],[-53.91087313638599,-0.504179006355855],[-53.91084537971034,-0.503702402543638],[-53.91076934023272,-0.502396791078809],[-53.91100039405279,-0.501998756537148],[-53.911185721843424,-0.497688817684605],[-53.912795236710565,-0.491165895489473],[-53.91279091277022,-0.489790781718966],[-53.91252575485953,-0.48877159803061],[-53.91221984686831,-0.487595785716792],[-53.91224582018822,-0.487078259154202],[-53.91229067747264,-0.48618444365701],[-53.91257346209545,-0.484753571020292],[-53.91346604012551,-0.483257542501349],[-53.914721398373615,-0.482002264292873],[-53.91581335250402,-0.480910379410261],[-53.91610299985342,-0.480117698972435],[-53.916171843855295,-0.479929293701787],[-53.9161702619478,-0.479668237598901],[-53.916159910751105,-0.47795985216527],[-53.91573091075276,-0.476881643273032],[-53.9156789856965,-0.476820771761027],[-53.91563034406494,-0.476763747548773],[-53.91503349549919,-0.476064054312417],[-53.91496885223057,-0.475830612792379],[-53.91476733214648,-0.475102882292049],[-53.91566776305666,-0.472453609946001],[-53.915717888569475,-0.472306228149762],[-53.91624451357325,-0.471431736385341],[-53.91624472041724,-0.471431405434828],[-53.91652117201431,-0.471338978510857],[-53.91657471315233,-0.471321078404856],[-53.91123211696845,-0.471052436520552],[-53.74226505019175,-0.462556272253948],[-53.62957110172482,-0.567276585046159]]]}},{"type":"Feature","properties":{"OBJECTID":161.0,"NOME_":"RRX Minºeração e Serviços Ltda - UMF IX","CATEGORIA":"CONCESSÃO FLORESTAL","MUNICIPIO_":"Monºte Alegre","CAT_UC":"Uso Sustenºtável","DATA_DE_CR":"19/11/2012","APTAS_PARA":"Sim","CAT_TERRIT":"ÁÁreas estaduais destinºadas a produção florestal","AREA_HA":24341.41,"DESTINACAO":"Floresta Destinºada","ORGAO_GEST":"IDEFLOR-Bio","PASSIVEIS":"Sim","ESTAGIO":"Demarcação Inºiciada","AREA_DECRE":24341.41,"TIPO_FLORE":"TIPO A","OBS":"Floresta Estadual do Paru","SITUACAO":"Conºtrato de Conºcessão Processo nºº 2011/146353"},"geometry":{"type":"Polygon","coordinates":[[[-53.97661705653172,-1.053722980630823],[-54.166419209079095,-1.080945459864836],[-54.18518575791626,-0.941416186707499],[-54.08657115293619,-0.925981636842891],[-54.08617060748736,-0.932481684781692],[-54.085808209481,-0.933781730342446],[-54.08514063283377,-0.934631697594568],[-54.08371011183203,-0.935711741103773],[-54.08319893897965,-0.936331752608112],[-54.082310109323885,-0.93958177657754],[-54.0815586088425,-0.940741750031464],[-54.08106513195008,-0.941111336318897],[-54.0810512509143,-0.941121732481747],[-54.08079186844981,-0.941225350569312],[-54.07944906732041,-0.941761770988762],[-54.078709010712146,-0.942391796444099],[-54.07865941939656,-0.942531748940894],[-54.07827794766894,-0.943451752696035],[-54.07809865612785,-0.944611785505344],[-54.077778219588936,-0.945261778608028],[-54.07608066738874,-0.947431819322787],[-54.07505069273515,-0.949631840736629],[-54.07270082448326,-0.952221858551695],[-54.07170136652462,-0.953641829606568],[-54.071228341114875,-0.954831844014222],[-54.070720983186675,-0.956101848621131],[-54.06962997334438,-0.958311883986084],[-54.06876021651061,-0.961121902953266],[-54.06752043182229,-0.963031886711974],[-54.063328052347515,-0.967211928387599],[-54.061842359736886,-0.968974494377221],[-54.061760201272136,-0.969071963799877],[-54.061760058279845,-0.969072214710707],[-54.060341125042726,-0.971561963513579],[-54.06030029762047,-0.971801497940532],[-53.97661705653172,-1.053722980630823]]]}},{"type":"Feature","properties":{"OBJECTID":162.0,"NOME_":"RRX Minºeração e Serviços Ltda - UMF III","CATEGORIA":"CONCESSÃO FLORESTAL","MUNICIPIO_":"Monºte Alegre","CAT_UC":"Uso Sustenºtável","DATA_DE_CR":"19/11/2012","APTAS_PARA":"Sim","CAT_TERRIT":"ÁÁreas estaduais destinºadas a produção florestal","AREA_HA":42249.52,"DESTINACAO":"Floresta Destinºada","ORGAO_GEST":"IDEFLOR-Bio","PASSIVEIS":"Sim","ESTAGIO":"Idenºtificação/Delimitação/Demarcação","AREA_DECRE":42249.52,"TIPO_FLORE":"TIPO A","OBS":"Floresta Estadual do Paru","SITUACAO":"Conºtrato de Conºcessão Processo nºº 2011/146353"},"geometry":{"type":"Polygon","coordinates":[[[-54.163403976512086,-0.661491897233077],[-54.162281925670186,-0.661589930530681],[-54.160210530691245,-0.661459931730292],[-54.15918818498653,-0.662299946185385],[-54.15884104577742,-0.662769931886658],[-54.158657398819685,-0.663195810338209],[-54.15865141293216,-0.663209691373993],[-54.15862064982298,-0.663281030994597],[-54.15765085240474,-0.66553000250741],[-54.15638817907103,-0.667500007918875],[-54.155888450991085,-0.668690022326473],[-54.15564107537517,-0.671413590364693],[-54.15564050070839,-0.671419917994683],[-54.15564049351383,-0.671419992638334],[-54.1556467824729,-0.671453789160807],[-54.15586937726971,-0.67265000169607],[-54.15662850759941,-0.674270007154917],[-54.15670025191491,-0.674774872162402],[-54.156700987560384,-0.674780046861486],[-54.15657128643551,-0.675560038764615],[-54.15596856080026,-0.676700044571248],[-54.15549850225386,-0.677173216570452],[-54.15549577640871,-0.67717596040211],[-54.15549172046639,-0.677180044223462],[-54.16661463086035,-0.681658272311267],[-54.166718449496614,-0.68170007100133],[-54.16714951433846,-0.690550106801766],[-54.16742035956179,-0.691600168712625],[-54.16788957094673,-0.692360132713759],[-54.168775699039145,-0.693201429602084],[-54.1693010182272,-0.69370017292448],[-54.17276012827716,-0.695619701188093],[-54.17276097184123,-0.695620169734809],[-54.173981683707495,-0.696840164841547],[-54.175690678881494,-0.699030173203766],[-54.17608286513189,-0.699447933475199],[-54.1763839653475,-0.699768668588945],[-54.17953973497066,-0.703130223780647],[-54.180344344016135,-0.703838496549167],[-54.182118487877744,-0.705400221442858],[-54.18468961093657,-0.707100216201866],[-54.18609693932211,-0.70836839158784],[-54.18639805482621,-0.708639733236964],[-54.18639860700995,-0.708640231461345],[-54.1881304917286,-0.710670259424774],[-54.189314646153775,-0.712438697088032],[-54.189389350138185,-0.712550260685759],[-54.18941194650398,-0.712621787365435],[-54.19030869828765,-0.715460297754305],[-54.1909495722648,-0.716180326460744],[-54.191500872866754,-0.716563740723871],[-54.191510336432714,-0.716570321962593],[-54.19062150587757,-0.716850287210832],[-54.18858062939239,-0.717150279461691],[-54.18721114357925,-0.717820299566938],[-54.186349016593624,-0.718070283216832],[-54.18445318007002,-0.718205720217668],[-54.18396862984821,-0.718240336921838],[-54.18396759382921,-0.718240744314755],[-54.18222148453367,-0.718940332330305],[-54.17978155367558,-0.720596244121168],[-54.178497333484984,-0.72146780319639],[-54.17848420787976,-0.721476711880598],[-54.17836098726957,-0.721560337139692],[-54.177720114191686,-0.721760312188451],[-54.177591284510015,-0.722604633496871],[-54.1775904139663,-0.722610339695223],[-54.17773155806481,-0.723230351199504],[-54.17897897260127,-0.725390377963436],[-54.18090159363345,-0.729800374487411],[-54.18093948746713,-0.731171245256576],[-54.180939741075974,-0.731180410247589],[-54.179188783535324,-0.733990429214771],[-54.17561057446824,-0.738160457838603],[-54.17424871850335,-0.740440469451869],[-54.17281056855268,-0.744040494273236],[-54.17181111149341,-0.748800491649149],[-54.14127287234504,-0.842498990435899],[-54.11768021157229,-0.885261384105434],[-54.11626876429182,-0.886171374808953],[-54.11523878963828,-0.887471420369479],[-54.11439955039873,-0.890081404932687],[-54.11403954009256,-0.890851090605167],[-54.11042842483181,-0.898571486184949],[-54.10784967282393,-0.902381500006015],[-54.10623986028111,-0.904461536570523],[-54.105011519465904,-0.905811531376855],[-54.10475974796378,-0.905941530177302],[-54.1038582333706,-0.906647591512922],[-54.10384039981443,-0.906661558883627],[-54.10375438775458,-0.906690484677938],[-54.10371428878324,-0.906703969112641],[-54.10268072403602,-0.907051554385589],[-54.102291624258896,-0.907321567736005],[-54.10229110445073,-0.907321924766848],[-54.102279772093596,-0.907329588789253],[-54.101139576530045,-0.908101556941062],[-54.10049107360402,-0.909041528343721],[-54.099388618989394,-0.911601564560328],[-54.09785891535648,-0.914531569276335],[-54.09643983912707,-0.916491620991337],[-54.09159895672627,-0.921401645069693],[-54.089928108095535,-0.923301675131938],[-54.08778804897912,-0.92515163633874],[-54.08657115293619,-0.925981636842891],[-54.18518575791626,-0.941416186707499],[-54.357607013652625,-0.720097311041911],[-54.192269460467,-0.664349938198939],[-54.191965259389065,-0.664094112553016],[-54.1911517470553,-0.663409966796337],[-54.19090902543098,-0.663416347486304],[-54.19017884158012,-0.663435540817375],[-54.19001114499815,-0.663439948394739],[-54.187989342234175,-0.663989983650652],[-54.18658170897845,-0.664619949750715],[-54.18555173432492,-0.664769975553781],[-54.18526701076371,-0.6647183014083],[-54.184559906214474,-0.664589969051633],[-54.183049276302825,-0.663649937394496],[-54.18175097992355,-0.663249927042273],[-54.181069435006236,-0.663039939841212],[-54.18053236977289,-0.663069898057131],[-54.178559347136,-0.6631799525926],[-54.17704871722435,-0.662929968942706],[-54.176060704038036,-0.662929968942706],[-54.17371846383588,-0.663669966195812],[-54.17157840471941,-0.664979965452858],[-54.17054843006582,-0.665019957404922],[-54.16970156097801,-0.664009953096638],[-54.169701046565876,-0.664009599663075],[-54.168318666273194,-0.663059750107209],[-54.16663070893992,-0.661899935833219],[-54.166629889657486,-0.661899633660994],[-54.16510863515521,-0.661339946880901],[-54.16466601492448,-0.661381098958373],[-54.16457075873336,-0.661389955481866],[-54.164216663268235,-0.661420892160265],[-54.163403976512086,-0.661491897233077]]]}},{"type":"Feature","properties":{"OBJECTID":163.0,"NOME_":"RRX Minºeração e Serviços Ltda - UMF VII","CATEGORIA":"CONCESSÃO FLORESTAL","MUNICIPIO_":"Monºte Alegre","CAT_UC":"Uso Sustenºtável","DATA_DE_CR":"16/12/2014","APTAS_PARA":"Sim","CAT_TERRIT":"ÁÁreas estaduais destinºadas a produção florestal","AREA_HA":24965.52,"DESTINACAO":"Floresta Destinºada","ORGAO_GEST":"IDEFLOR-Bio","PASSIVEIS":"Sim","ESTAGIO":"Demarcação Inºiciada","AREA_DECRE":24965.52,"TIPO_FLORE":"TIPO A","OBS":"Floresta Estadual do Paru","SITUACAO":"Conºtrato de Conºcessão Processo nºº 2013/445599"},"geometry":{"type":"Polygon","coordinates":[[[-54.30970590550294,-1.101154810845685],[-54.309705847946304,-1.10115522633248],[-54.47103035366774,-1.123680810021199],[-54.473593844180414,-1.120792893576947],[-54.47359387026074,-1.120792864798659],[-54.4728232942594,-1.120112885600975],[-54.47215190268798,-1.118852835589735],[-54.47196116637457,-1.118082857637603],[-54.47167124742998,-1.116912810877295],[-54.47128214585416,-1.115942798521189],[-54.471003670782636,-1.114972787064232],[-54.470900673227334,-1.113912771457024],[-54.470900673227334,-1.113232796755938],[-54.471003669883316,-1.112652840156215],[-54.471003669883316,-1.111682827800109],[-54.471003669883316,-1.110902836796299],[-54.470812933569846,-1.109552782634637],[-54.47043146094302,-1.108002813678752],[-54.469561704109196,-1.106832766918501],[-54.468211292017315,-1.105282798861936],[-54.46735297905656,-1.104122766052626],[-54.466872323798555,-1.103052736494419],[-54.46639166854038,-1.100042682223716],[-54.46620093222708,-1.096942744312003],[-54.466303928883065,-1.094422644289466],[-54.465911012383174,-1.092682653981115],[-54.46476278047771,-1.091512726830672],[-54.46437367890195,-1.090842647370039],[-54.4640913889063,-1.089482698867243],[-54.4640913889063,-1.088992626808135],[-54.46428212521971,-1.08793261120087],[-54.4645720441643,-1.086772697102106],[-54.46496114574006,-1.085602650341855],[-54.4655333537811,-1.084342600330558],[-54.466311556932624,-1.082312572367073],[-54.46708213023595,-1.080082628710159],[-54.46746360196346,-1.078532540144465],[-54.467661968125185,-1.077172592540933],[-54.46747123181177,-1.076592516331402],[-54.46708212933663,-1.075232567828607],[-54.46699057655371,-1.074072535019241],[-54.46689139302322,-1.072912502210045],[-54.46680365426505,-1.071742574160226],[-54.46641073776516,-1.070482524148986],[-54.46622381637587,-1.069512511792823],[-54.46612081882057,-1.068062560038982],[-54.466132262693634,-1.067192565784126],[-54.46632299810773,-1.065932514873509],[-54.46671209968349,-1.064182511513479],[-54.46709357231032,-1.062922461502239],[-54.46680365246635,-1.061182471193945],[-54.46690283509753,-1.059052426028472],[-54.46661291615294,-1.057792495626927],[-54.46642217983947,-1.056532445615687],[-54.46623144352617,-1.054682424154407],[-54.46604070721264,-1.053132455198465],[-54.46585378492398,-1.051492363381612],[-54.46518239425194,-1.050612355175815],[-54.46402271847353,-1.049452441077108],[-54.46296222532624,-1.049252407572396],[-54.46219165112359,-1.049162403421974],[-54.461421076921,-1.04887236576684],[-54.46094042256232,-1.047992357561043],[-54.46065050271835,-1.04683232475179],[-54.46065050271835,-1.046052332848717],[-54.46065050271835,-1.045282354896585],[-54.460852682904715,-1.044022424495154],[-54.46095186553589,-1.042182298274213],[-54.46114260184936,-1.041112387426494],[-54.461432519894686,-1.040052371819286],[-54.46230227672851,-1.038882325059092],[-54.4630728509311,-1.037432373305251],[-54.463553505289894,-1.036662275743254],[-54.46384342423448,-1.035592365794855],[-54.46394260686566,-1.034912272383224],[-54.46384342423448,-1.033462320629383],[-54.46365268792107,-1.031622314018421],[-54.46336276807705,-1.030062331111537],[-54.46298129545022,-1.028612259747831],[-54.46260363774752,-1.027252312144356],[-54.46192080230304,-1.025412304633903],[-54.46106248934228,-1.023382276670588],[-54.460101178826164,-1.021152214303072],[-54.460101178826164,-1.019502228145143],[-54.460101178826164,-1.018242178133789],[-54.46077256949832,-1.016692209177961],[-54.46193224527673,-1.016112132968317],[-54.46280200211049,-1.014852201667622],[-54.46367175804505,-1.013102198307593],[-54.46434314961647,-1.011652126943886],[-54.46444233224764,-1.010582097385679],[-54.46444233134838,-1.008652086624352],[-54.464343148717205,-1.007002100466423],[-54.46435077766603,-1.00554213476147],[-54.46415241240368,-1.003992165805641],[-54.463671757145676,-1.002932150198433],[-54.46300036557426,-1.001282044430582],[-54.46237093636944,-1.000352086979092],[-54.46189028111144,-0.99969208082473],[-54.46176057998656,-0.998572102020717],[-54.46219164392909,-0.997782097065965],[-54.462691372008976,-0.997092049957871],[-54.4635611288428,-0.995842072353582],[-54.4639311566973,-0.994972078098726],[-54.46412189301083,-0.993792017387534],[-54.46399219188601,-0.992352019330042],[-54.46325213617695,-0.991162005821764],[-54.46263033592112,-0.990042027017751],[-54.46201235058936,-0.987921995803276],[-54.46071152981301,-0.986922002748088],[-54.45966248143816,-0.986731981395621],[-54.458422696749835,-0.986731981395621],[-54.456992174848835,-0.985922009692842],[-54.45631315432837,-0.984981978935025],[-54.45603981168779,-0.983785269974078],[-54.328670472464125,-0.963865506088098],[-54.328670383431245,-0.963865492598245],[-54.323478520816934,-1.00145088135281],[-54.309705968455546,-1.101154361184683],[-54.30970590550294,-1.101154810845685]]]}},{"type":"Feature","properties":{"OBJECTID":164.0,"NOME_":"LS Represenºtações Comerciais LTDA - UMF Va","CATEGORIA":"CONCESSÃO FLORESTAL","MUNICIPIO_":"Monºte Alegre","CAT_UC":"Uso Sustenºtável","DATA_DE_CR":"25/09/2024","APTAS_PARA":"Sim","CAT_TERRIT":"ÁÁreas estaduais destinºadas a produção florestal","AREA_HA":94388.824,"DESTINACAO":"Floresta Destinºada","ORGAO_GEST":"IDEFLOR-Bio","PASSIVEIS":"Sim","ESTAGIO":"Idenºtificação/Delimitação/Demarcação","AREA_DECRE":94388.82,"TIPO_FLORE":"TIPO A","OBS":"Floresta Estadual do Paru","SITUACAO":"Conºtrato de Conºcessão Processo nºº 2023/827577"},"geometry":{"type":"Polygon","coordinates":[[[-54.32773027710681,-0.809640875711864],[-54.329530826223106,-0.809890858986762],[-54.33288667024027,-0.809735590220669],[-54.33385290695253,-0.809690883613769],[-54.33580985979938,-0.81084090278506],[-54.3374997819663,-0.811170876019105],[-54.34465238682583,-0.810450906054598],[-54.345739582785654,-0.810530895874081],[-54.347772829998746,-0.810960886303292],[-54.34881043463679,-0.811670901267689],[-54.34927964559682,-0.812330907680519],[-54.34938264320175,-0.813140880385163],[-54.34890198822558,-0.813790932869892],[-54.348901988252294,-0.814020889065318],[-54.3494322347608,-0.814560910550711],[-54.350412618516486,-0.814900897511166],[-54.350893273608676,-0.815250898175009],[-54.352072023141204,-0.817310907384694],[-54.35331180811943,-0.818370923043517],[-54.35394123741753,-0.818920958160675],[-54.35457066678333,-0.820050950193092],[-54.35483006810341,-0.821600978895958],[-54.35522298464201,-0.822520982444701],[-54.355871487547404,-0.823020949336126],[-54.356382660403085,-0.82322098374658],[-54.35897285704107,-0.823000981282973],[-54.360292751093084,-0.823200955992206],[-54.36078103561738,-0.823440985378511],[-54.36100991898894,-0.823560970271046],[-54.364351616206534,-0.825250951207749],[-54.3666824119411,-0.82705096314362],[-54.36770094294826,-0.82762096589596],[-54.37312166399005,-0.829300992539629],[-54.37645191699278,-0.83063101871295],[-54.37848134958824,-0.83201099405369],[-54.38040015530726,-0.834061049119839],[-54.38244103205221,-0.83529105820935],[-54.38345193367354,-0.836371041569805],[-54.38424158135467,-0.83721105511836],[-54.386103166372266,-0.84041106997023],[-54.38693096166202,-0.844431071299368],[-54.387602353017485,-0.845891096349192],[-54.390852497134745,-0.849641146210502],[-54.39170318035531,-0.850291138922614],[-54.39218002074807,-0.8508411144457],[-54.394743514695506,-0.853761164388345],[-54.39497239812255,-0.854341180874826],[-54.39553316251772,-0.855751197316636],[-54.39588030243749,-0.857081164233762],[-54.396959869211685,-0.859341207895227],[-54.40016042205133,-0.864011201726157],[-54.40064107721412,-0.864941218895581],[-54.40095006994761,-0.866581251162813],[-54.4007135574185,-0.868781272722515],[-54.40127050723021,-0.871291299924792],[-54.401812197954314,-0.872211303440793],[-54.40228140893663,-0.873031289731216],[-54.403010021073385,-0.873991288195839],[-54.40369285649405,-0.874591272306191],[-54.40715281003702,-0.875741291248744],[-54.40732447360125,-0.875844627083268],[-54.328670382869234,-0.963865491965407],[-54.45603981173855,-0.983785269742441],[-54.45631315452647,-0.984981978569522],[-54.45699217527692,-0.985922009326657],[-54.458422696356024,-0.986731981811033],[-54.45966248119214,-0.986731981634023],[-54.460711529926186,-0.986922002304709],[-54.46201235046402,-0.987921995627403],[-54.46263033581988,-0.990042027076299],[-54.463252135757386,-0.991162005410899],[-54.46399219210451,-0.992352019632847],[-54.464121892876165,-0.993792017417661],[-54.46393115691518,-0.994972077733678],[-54.463561128949664,-0.995842072734433],[-54.46269137238147,-0.997092049842934],[-54.46219164382302,-0.99778209729152],[-54.4617605802851,-0.998572102357457],[-54.4618902810123,-0.999692080761577],[-54.46237093615048,-1.000352087135582],[-54.463000365507696,-1.001282044646757],[-54.4636717569162,-1.002932150065192],[-54.4641524121119,-1.003992165762213],[-54.46435077790807,-1.005542134806319],[-54.464343148672754,-1.007002100292254],[-54.46444233169706,-1.008652086582345],[-54.464442331975306,-1.010582097294389],[-54.46434314934311,-1.011652126718843],[-54.46367175838037,-1.013102197867056],[-54.462802001887724,-1.014852201530459],[-54.46193224532425,-1.016112132677961],[-54.46077256974672,-1.016692208952463],[-54.46010117879928,-1.018242178123046],[-54.4601011789826,-1.019502228352735],[-54.4601011792231,-1.021152214655956],[-54.46106248963679,-1.023382276920131],[-54.461920802512395,-1.025412304734516],[-54.4626036381224,-1.027252311754523],[-54.46298129585659,-1.028612259948034],[-54.46336276832682,-1.030062330938449],[-54.463652687471836,-1.031622313608125],[-54.463843423871765,-1.033462320699357],[-54.46394260687276,-1.034912272520728],[-54.46384342418645,-1.035592365869945],[-54.463553505429445,-1.036662276110576],[-54.46307285049966,-1.037432373104423],[-54.46230227675528,-1.03888232505625],[-54.46143252018271,-1.040052371825936],[-54.46114260142474,-1.041112387632552],[-54.46095186545534,-1.042182297858119],[-54.46085268294263,-1.044022424201614],[-54.460650502834255,-1.045282355248105],[-54.46065050294925,-1.046052332959391],[-54.46065050306578,-1.046832324314892],[-54.46094042215486,-1.047992357264775],[-54.46142107733061,-1.048872365778834],[-54.462191651333626,-1.049162403712671],[-54.462962225306455,-1.049252407183133],[-54.46402271821097,-1.0494524414853],[-54.46518239404634,-1.050612355091914],[-54.465853785350646,-1.051492363575846],[-54.46604070700312,-1.053132455409411],[-54.46623144336485,-1.054682424444479],[-54.46642217977234,-1.056532445173957],[-54.46661291609104,-1.057792495368005],[-54.46690283519678,-1.059052426336564],[-54.46680365273255,-1.061182471515394],[-54.46709357191173,-1.062922461352287],[-54.466712099846234,-1.064182511633305],[-54.46632299841042,-1.065932515218435],[-54.46613226247388,-1.067192565469782],[-54.46612081843881,-1.068062560411931],[-54.46622381616953,-1.069512512226254],[-54.46641073772366,-1.070482524368686],[-54.46680365434116,-1.071742574529083],[-54.466891393139406,-1.072912501939243],[-54.46699057610408,-1.074072534913455],[-54.46708212962386,-1.075232567888577],[-54.46747123153483,-1.076592516069638],[-54.46766196775252,-1.077172592139505],[-54.46746360238831,-1.0785325404118],[-54.467082130370386,-1.080082628741138],[-54.466311556755784,-1.082312572041815],[-54.46553335366576,-1.084342600091134],[-54.46496114547557,-1.085602650400631],[-54.46457204395489,-1.086772697094204],[-54.46428212521971,-1.08793261091796],[-54.464091389255884,-1.088992626704908],[-54.464091389332225,-1.08948269921683],[-54.464373679014216,-1.090842647412558],[-54.46476278082082,-1.091512727037014],[-54.46591101249686,-1.092682654277041],[-54.46630392919337,-1.094422644090457],[-54.46620093207838,-1.096942744542673],[-54.466391668693234,-1.100042682625599],[-54.46687232421067,-1.103052736284212],[-54.467352979423026,-1.104122765606064],[-54.46821129218404,-1.105282798454311],[-54.46956170421805,-1.106832767292872],[-54.470431461148564,-1.10800281378215],[-54.470812933650734,-1.109552782774927],[-54.47100366999331,-1.110902836546131],[-54.47100367011711,-1.111682827894867],[-54.471003670271216,-1.112652840061116],[-54.4709006728541,-1.113232796964667],[-54.470900672962216,-1.113912771082312],[-54.47100367064036,-1.114972786818555],[-54.47128214554232,-1.1159427989395],[-54.47167124739883,-1.116912811042482],[-54.471961166500705,-1.118082857622824],[-54.472151902752046,-1.118852835295741],[-54.47282329412519,-1.120112885400545],[-54.473593869895865,-1.120792864723342],[-54.4746505553415,-1.121282813151652],[-54.47638245444307,-1.12225281479175],[-54.477161728628744,-1.12297531572051],[-54.47763364823987,-1.123412854090759],[-54.47850352549375,-1.124411262618253],[-54.47898407517761,-1.124962817334733],[-54.47927307168834,-1.126418242277509],[-54.47927399805258,-1.126422907550136],[-54.47902913912691,-1.127731955807008],[-54.47898407566203,-1.127972871060535],[-54.478213517707786,-1.129032886006485],[-54.47753066759327,-1.129812873740377],[-54.477153013925204,-1.130682874324464],[-54.47666111421154,-1.131586353021476],[-54.475993323708735,-1.132812892652851],[-54.47551266522345,-1.134562928840126],[-54.4755012889122,-1.136493546825079],[-54.47550123347776,-1.136502955965113],[-54.4763709784292,-1.13843297116307],[-54.47723310981718,-1.140663037121897],[-54.477679616660396,-1.141845046255867],[-54.478003691558456,-1.142702949097611],[-54.478254227587,-1.143488850173298],[-54.47868272369891,-1.144832990403415],[-54.47887832251757,-1.145380862918785],[-54.478961191123176,-1.145612977978033],[-54.47944183865684,-1.147262926545523],[-54.47944185016178,-1.147262966039079],[-54.479441850248634,-1.147792985089666],[-54.479441850335604,-1.148322980857017],[-54.4790604015069,-1.149202993221991],[-54.478961723709915,-1.150257325696714],[-54.47896119188573,-1.150263008056015],[-54.479030750356,-1.150759062570728],[-54.47915190495445,-1.151623073601797],[-54.47964686673606,-1.152536458742475],[-54.479731750410906,-1.152693100103761],[-54.4805023320103,-1.153853023057195],[-54.48213122610724,-1.154533125422745],[-54.48265760638998,-1.154381080524558],[-54.48348162944768,-1.154143061537638],[-54.483870738520466,-1.153663008196929],[-54.48400564938481,-1.152771825008074],[-54.48406147444098,-1.152403060402662],[-54.484641319529885,-1.15124304409153],[-54.485353199632755,-1.150577342959821],[-54.48589253622998,-1.150072992604009],[-54.487342126145904,-1.150072992362709],[-54.48791051611482,-1.150273018346752],[-54.48936392457347,-1.150853096061041],[-54.49148111434761,-1.151633060043878],[-54.492533981627105,-1.152413094053259],[-54.493300721414755,-1.153093056862986],[-54.49417048955593,-1.154443110510499],[-54.49451818419334,-1.154898815220918],[-54.494769993776686,-1.155228848763727],[-54.496062986349045,-1.15485942268333],[-54.69190647800309,-1.070009958886942],[-54.67674467196849,-1.036859172223956],[-54.67064730314098,-0.963542029981738],[-54.61158610665001,-0.941689654969537],[-54.547487507743824,-0.927814285485056],[-54.52713536004222,-0.897973416990169],[-54.53596684490856,-0.834603598844353],[-54.57531838837929,-0.793474253208672],[-54.35760701242242,-0.720097309734399],[-54.302956482838795,-0.790256582077006],[-54.30336182667145,-0.790810756195867],[-54.304929677823,-0.792050779016563],[-54.305719325505265,-0.792870765294538],[-54.30698199906408,-0.796050812594899],[-54.30902287589748,-0.797930814542156],[-54.31204032173207,-0.799830843664211],[-54.313230515346504,-0.801120815537161],[-54.31372261460962,-0.801480829847719],[-54.314519891669875,-0.801710845557409],[-54.31768992621693,-0.801930847347421],[-54.31927303619375,-0.802610821319661],[-54.32102017932658,-0.804010824006753],[-54.32473190470773,-0.806160836526601],[-54.32565125292609,-0.806690844324862],[-54.32691011166344,-0.8089908829823],[-54.32773027710681,-0.809640875711864]]]}},{"type":"Feature","properties":{"OBJECTID":165.0,"NOME_":"Blue Timber Florestal LTDA -  UMF IVa","CATEGORIA":"CONCESSÃO FLORESTAL","MUNICIPIO_":"Monºte Alegre","CAT_UC":"Uso Sustenºtável","DATA_DE_CR":"14/07/2018","APTAS_PARA":"Sim","CAT_TERRIT":"ÁÁreas estaduais destinºadas a produção florestal","AREA_HA":51350.21027102098,"DESTINACAO":"Floresta Destinºada","ORGAO_GEST":"IDEFLOR-Bio","PASSIVEIS":"Sim","ESTAGIO":"Demarcação Conºcluída","AREA_DECRE":50938.44,"TIPO_FLORE":"TIPO A","OBS":"Floresta Estadual do Paru","SITUACAO":"Conºtrato de Conºcessão Processo nºº 2017/446026"},"geometry":{"type":"Polygon","coordinates":[[[-54.407321532679504,-0.875851413014963],[-54.41444338812207,-0.867955364518975],[-54.41442908823649,-0.867846612776499],[-54.41443920380517,-0.867669057806096],[-54.41428889945872,-0.867560096769322],[-54.414246905753195,-0.867545662159111],[-54.41418794359154,-0.867420006614357],[-54.41411360407576,-0.867251700917002],[-54.41419965141887,-0.867065975431479],[-54.41421751832315,-0.866952870537986],[-54.41413545077344,-0.8668257675092],[-54.4141291674358,-0.86680348807767],[-54.414161858234245,-0.866732253886448],[-54.41406271215249,-0.866485334729238],[-54.414034241407265,-0.866181863574815],[-54.41393837430119,-0.866113556107363],[-54.41399394259795,-0.865954670631024],[-54.41396303667195,-0.865786409340688],[-54.41406924784543,-0.865560887852932],[-54.414182471241084,-0.865453273953985],[-54.41411983143452,-0.865365838686903],[-54.414134262296905,-0.865235197653457],[-54.41437656284218,-0.865075075531033],[-54.414454988639804,-0.865064628977999],[-54.41451095775859,-0.865050812095903],[-54.41461872360577,-0.864967580756933],[-54.414557085254586,-0.864908721703311],[-54.41446667827172,-0.864891613955619],[-54.41426218904045,-0.8649604156829],[-54.413970649148794,-0.864977527930172],[-54.413601869056166,-0.865093413340806],[-54.41356187028716,-0.865076509188141],[-54.413350271282674,-0.865050892972804],[-54.41326748548595,-0.865042908889447],[-54.41328280936353,-0.864993602570268],[-54.41334375321036,-0.864819768330839],[-54.41320194888048,-0.864888424085404],[-54.412962171811955,-0.864777786924844],[-54.41291255765855,-0.864748044915275],[-54.41270048671793,-0.864730070047037],[-54.41261737336522,-0.864846484941922],[-54.412539190465786,-0.864863022337385],[-54.412470808555135,-0.864915321732886],[-54.412421780709224,-0.86496111891136],[-54.41227209086406,-0.865083691719066],[-54.412245707984674,-0.865110669225977],[-54.41219822530613,-0.865130032175745],[-54.41216036805646,-0.865180543097388],[-54.4121399808843,-0.865193192244838],[-54.41212575904288,-0.865194267939085],[-54.41205093079029,-0.865218385970371],[-54.4119138661409,-0.865202561147215],[-54.411881654049644,-0.865112196007318],[-54.41167163687609,-0.865198512887037],[-54.41160148489162,-0.865132270338738],[-54.411576849635324,-0.865039498182583],[-54.41157657023238,-0.864932480790858],[-54.411539723626866,-0.864872274122324],[-54.411473181366716,-0.864752526384283],[-54.41134262369974,-0.864713944761823],[-54.411254879416596,-0.864820870938057],[-54.41121616612518,-0.864902457498276],[-54.4112167302594,-0.865013271015699],[-54.41123858966361,-0.86509232426445],[-54.411219770820054,-0.86548520681916],[-54.410938670064965,-0.86565572148509],[-54.41083396020538,-0.865722456555051],[-54.41069942943257,-0.865897073947045],[-54.41063267495852,-0.866070265644759],[-54.410544839460805,-0.866229358903275],[-54.410452759738256,-0.866437425212476],[-54.410398959431475,-0.866539236442938],[-54.410422512968765,-0.866649997030806],[-54.41038333503664,-0.866765083385888],[-54.41027520005893,-0.866880328299766],[-54.41008114532627,-0.86718656361672],[-54.410044098762185,-0.867317609773477],[-54.40983238235806,-0.867631603640826],[-54.4094359229304,-0.867696070255479],[-54.40896427186212,-0.867965196185202],[-54.40896910889291,-0.867819717784426],[-54.408947696397114,-0.867745299605639],[-54.40891825014321,-0.867687690154569],[-54.408800987966046,-0.867714002885079],[-54.40697535575864,-0.868443392402574],[-54.40681717116586,-0.868678113958531],[-54.40653597780876,-0.868758190300311],[-54.4064085410927,-0.8688203864422],[-54.40632203911021,-0.868839294612238],[-54.40611668567975,-0.868832258454751],[-54.405813714440534,-0.868661995151328],[-54.405670642359105,-0.868157377321141],[-54.40567495805212,-0.868062987832155],[-54.40553342992459,-0.867451908528072],[-54.4049540295863,-0.867089493025312],[-54.40491368693413,-0.866351976981198],[-54.404998401251724,-0.866170630069347],[-54.404801180517595,-0.86576965439381],[-54.404565230315214,-0.865701005720211],[-54.40443691426504,-0.865505664935889],[-54.40431669857496,-0.865202108428621],[-54.40413344509754,-0.865112186490388],[-54.40367348543262,-0.864959158032657],[-54.40377172023179,-0.864682659991739],[-54.40410092509199,-0.864389593499728],[-54.40432931144564,-0.864121612774115],[-54.40446101265706,-0.864082802254832],[-54.404600754180265,-0.864062401241185],[-54.4047678229067,-0.863767852646755],[-54.40503171196135,-0.863589755020222],[-54.40512437901592,-0.863278636426528],[-54.40497685557115,-0.863131309418686],[-54.40488642378452,-0.863192908722596],[-54.40461320588356,-0.86347334216599],[-54.403692948119904,-0.863791163139873],[-54.40171121836838,-0.865033173611103],[-54.401620839360845,-0.865017296705616],[-54.401474526024245,-0.864991297603192],[-54.401401862359556,-0.865024349813904],[-54.40134587666161,-0.864948553456759],[-54.40109279668649,-0.86445047940658],[-54.40099990881673,-0.864275390471934],[-54.40075383032656,-0.864273449424238],[-54.40003075608032,-0.864324484262849],[-54.40017939698908,-0.864395858903499],[-54.39794037592816,-0.865064466923516],[-54.39730441736272,-0.864913839395768],[-54.39703038073905,-0.864981666621577],[-54.39674216422184,-0.86511708476086],[-54.39664633969166,-0.865101915311991],[-54.396068914161845,-0.864982626375375],[-54.39579036636603,-0.864980333452106],[-54.39478011133969,-0.863955403368312],[-54.394680515199056,-0.863664808232305],[-54.3946591884896,-0.863017998355028],[-54.394527829542774,-0.862785018691894],[-54.39451304023649,-0.862761378949826],[-54.39424965102979,-0.86249155394093],[-54.39403075596862,-0.862349970136042],[-54.393938789242114,-0.862121731950925],[-54.394036317223986,-0.861959299042028],[-54.394013372783185,-0.861882925813297],[-54.394087854916286,-0.861789217290116],[-54.39394864254449,-0.861491420908379],[-54.39394068044142,-0.86142678827408],[-54.39398832183818,-0.861308943667541],[-54.39407780962874,-0.861127878083558],[-54.39412219707377,-0.861035358961765],[-54.394096840585945,-0.860962209703284],[-54.394310578991835,-0.860795181365057],[-54.39437140108214,-0.860822079285953],[-54.39458079102878,-0.860857665443973],[-54.394773127864816,-0.860823859651269],[-54.39481156791643,-0.860792277912437],[-54.39484568067379,-0.860831654139107],[-54.39515245140425,-0.860757532223227],[-54.39527932371735,-0.86084187972704],[-54.39575380968635,-0.860987043766091],[-54.3958224482584,-0.860794708635074],[-54.39605702936632,-0.860742749356824],[-54.39606475948556,-0.86054605578416],[-54.39708420962875,-0.860432220184379],[-54.39737716917142,-0.860464209606433],[-54.39755190962694,-0.860419718584915],[-54.39782727611473,-0.860066179518163],[-54.39802469645835,-0.859762757100019],[-54.39815347955024,-0.859412611205989],[-54.39784479250401,-0.858901638433843],[-54.39761019396197,-0.858628935935008],[-54.397439945782175,-0.858622661681066],[-54.39727168126616,-0.858549592362969],[-54.39684828442331,-0.858339624599514],[-54.396646058368496,-0.858117733011894],[-54.39657157539384,-0.858072382210429],[-54.396312870586534,-0.857784237665609],[-54.396145379649354,-0.857788936463034],[-54.39565349799755,-0.857423221839414],[-54.39553557981955,-0.857185960625202],[-54.39546534246786,-0.857085311773541],[-54.395595349304244,-0.856829583360456],[-54.39514549940947,-0.856034247709501],[-54.39532665146783,-0.855214294521618],[-54.39574475926022,-0.854560561457888],[-54.395130932454954,-0.853914041836584],[-54.39489166939344,-0.853580271232844],[-54.39481084318311,-0.85349232989274],[-54.39483898510808,-0.8533122041792],[-54.394902297033966,-0.853234976162714],[-54.395069316869176,-0.853025192405085],[-54.39525137554045,-0.852988819736521],[-54.395440228687114,-0.852995741358401],[-54.39552619178389,-0.852967176963787],[-54.3956554734392,-0.852919193453866],[-54.39571205052117,-0.85283550499847],[-54.39572028219804,-0.852777677147084],[-54.39580167003042,-0.852572679127631],[-54.39573931205255,-0.852502392351002],[-54.39557977677413,-0.852521071632458],[-54.39553968440677,-0.852528119177601],[-54.39548300260931,-0.852475156490628],[-54.395213997915945,-0.852165916347871],[-54.39510497661259,-0.851411371110793],[-54.394875195409746,-0.851267053245433],[-54.39482772787376,-0.851205118669204],[-54.39346576344329,-0.851212858123239],[-54.3932300582005,-0.851379226778104],[-54.39307005307975,-0.85021714941303],[-54.392783838294044,-0.84954488883826],[-54.3922024790133,-0.843389509472884],[-54.385576332112066,-0.838415488645954],[-54.37885939954625,-0.828566588677745],[-54.37171621783735,-0.823450348389717],[-54.36034732001214,-0.819973124771286],[-54.35874832241461,-0.819300518279064],[-54.3512720805126,-0.811415488755511],[-54.34506819208543,-0.808098470771203],[-54.328049502792716,-0.806951388171682],[-54.30817101435059,-0.793828882121107],[-54.30200465065243,-0.791503304771105],[-54.18516635635312,-0.941437550590372],[-54.166394769194596,-1.081179901064455],[-54.22464457953795,-1.089403261805818],[-54.30973193127662,-1.101096883245195],[-54.328728873658605,-0.96395186312991],[-54.407321532679504,-0.875851413014963]]]}},{"type":"Feature","properties":{"OBJECTID":126.0,"NOME_":"WERSAN Inºdústria, Comércio e Exportação LTDA - UMF I","CATEGORIA":"CONCESSÃO FLORESTAL","MUNICIPIO_":"Sanºtarém/Juruti","CAT_UC":"Uso Sustenºtável","DATA_DE_CR":"29/09/2011","APTAS_PARA":"Sim","CAT_TERRIT":"ÁÁreas estaduais destinºadas a produção florestal","AREA_HA":45721.33,"DESTINACAO":"Floresta Destinºada","ORGAO_GEST":"IDEFLOR-Bio","PASSIVEIS":"Sim","ESTAGIO":"Demarcação Inºiciada","AREA_DECRE":45721.33,"TIPO_FLORE":"TIPO A","OBS":"Conºjunºto de Glebas Mamuru-Arapiunºs","SITUACAO":"Conºtrato de Conºcessão Processo nºº 2010/231258"},"geometry":{"type":"Polygon","coordinates":[[[-56.0268611920082,-2.691339493713315],[-56.02886390807231,-2.694755555114455],[-56.0289039623936,-2.694732666930747],[-56.06648445250079,-2.753602982478924],[-55.97426414610777,-2.783674241028052],[-55.974330903309976,-2.783996582947225],[-55.97434044005308,-2.784042359314299],[-55.973703385609724,-2.784233094177466],[-55.977104188221006,-2.799734116515936],[-55.978303910510704,-2.806234360656447],[-55.986004142105116,-2.841734245294674],[-55.98622676622904,-2.842760573883936],[-55.98622726823953,-2.842761154467667],[-55.99285125852896,-2.873304367978051],[-55.997325898420115,-2.894874573665788],[-56.00545311094203,-2.934068680719975],[-56.00545883298787,-2.934095383600777],[-56.005064011820934,-2.934196473078373],[-55.99770927549315,-2.936065674738757],[-55.99781799436511,-2.936603547053437],[-55.9978180548685,-2.936603847800427],[-55.998144150981375,-2.938224793391157],[-55.998575211772106,-2.940309525446764],[-55.999139786967476,-2.941518784479854],[-56.000751496561975,-2.943130494074694],[-56.00131607175712,-2.945709229425972],[-56.00143623472087,-2.94744110198468],[-56.000820161112415,-2.949676514582222],[-56.00079155088292,-2.949779511408394],[-56.00079155088281,-2.950447083429879],[-56.00079155088281,-2.950826645807865],[-56.00079258887854,-2.950826865102727],[-56.0011978161416,-2.950912476496171],[-56.00187506661604,-2.95105900562254],[-56.00192070127338,-2.951068879084062],[-56.00230730749524,-2.951487511856669],[-56.00288772703004,-2.952116013483135],[-56.004177094705824,-2.95243835540208],[-56.00431633115602,-2.952547074274378],[-56.007158280618626,-2.954774857477162],[-56.007158575667745,-2.954775497041339],[-56.008125306375234,-2.956871033624509],[-56.008533297725194,-2.957767071364799],[-56.0089321148468,-2.958642960504505],[-56.00897056571489,-2.959455921716369],[-56.00901222348921,-2.960336686090329],[-56.00901222348921,-2.962430954889157],[-56.00915336728798,-2.963045121148753],[-56.00917244077431,-2.963155747369569],[-56.009033204324055,-2.963285447076373],[-56.008096768949656,-2.965158317825455],[-56.00809669614529,-2.965158463434193],[-56.00776604098809,-2.96532368188565],[-56.00520706296669,-2.966602326349232],[-56.005138398415966,-2.966636658624566],[-56.005296708352375,-2.966955185846189],[-56.00565719724392,-2.967674256280702],[-56.005797659532504,-2.967954562081218],[-56.00609016538357,-2.968538285211309],[-56.00693512082785,-2.968750000909552],[-56.00892288015115,-2.968900231314251],[-56.009988785988696,-2.968980790093838],[-56.0121631634301,-2.969144822075975],[-56.0131173945021,-2.969564846864046],[-56.0139484417503,-2.969930649712694],[-56.01661289273659,-2.97110544734511],[-56.01803207517287,-2.971731186821955],[-56.01953506589524,-2.972864151909505],[-56.02097702146159,-2.973482132866593],[-56.023607255225954,-2.974996567680932],[-56.02449607911069,-2.97593128801293],[-56.02512169004035,-2.97658920378899],[-56.02521318953791,-2.976635970198913],[-56.02529335141725,-2.97667694182627],[-56.0263187860628,-2.977188767466828],[-56.02639007688106,-2.977224350883887],[-56.02639018527532,-2.977224467000894],[-56.02664164763081,-2.977493845249228],[-56.02713966489375,-2.97802734465813],[-56.027350619417405,-2.978536170590985],[-56.02758407712497,-2.979099274589714],[-56.02752200655004,-2.979416337797034],[-56.027513505225556,-2.979459763481145],[-56.027478223507615,-2.979793259719258],[-56.02735328794023,-2.980974198295769],[-56.02815055966869,-2.982727051689153],[-56.028438994953206,-2.983382010835271],[-56.02893257260814,-2.984502793266131],[-56.02902794003961,-2.984718323661809],[-56.02966499448297,-2.985834122611834],[-56.03103828549837,-2.98747062773873],[-56.03189659238302,-2.988534928275897],[-56.032552720312765,-2.989303589774465],[-56.033287049536284,-2.990161896659572],[-56.0346922397232,-2.991961782659985],[-56.03475380063469,-2.992040635062722],[-56.03475382607655,-2.99204060043354],[-56.03523445249016,-2.991386414481667],[-56.0354576122802,-2.990938187552729],[-56.0354576122802,-2.990356446220062],[-56.03563690305174,-2.989910126639813],[-56.03608322263182,-2.989641190482473],[-56.036172868017616,-2.988882065726784],[-56.03621083101052,-2.988696996135957],[-56.0362186443848,-2.988658905936745],[-56.036315116910885,-2.988618394342154],[-56.03675460935057,-2.988433838797903],[-56.03706741452635,-2.987987519217825],[-56.03738021970207,-2.987764359427729],[-56.03778267026365,-2.987764359428013],[-56.03778273984943,-2.987764405818439],[-56.03805160642082,-2.98794365019927],[-56.03805160642082,-2.988185883475637],[-56.038051702594316,-2.98818587946846],[-56.03809738278801,-2.988183976126891],[-56.03863334775383,-2.988016129447317],[-56.039136887792836,-2.988050461722651],[-56.03940582395006,-2.987781525565481],[-56.03997421384264,-2.987379075003957],[-56.040376664404164,-2.987379075003787],[-56.04051590085436,-2.987342835379707],[-56.040880204443056,-2.987245560599547],[-56.04051590085436,-2.987136841727249],[-56.040379510071034,-2.987095331489058],[-56.040208817724476,-2.987043381644639],[-56.039946843409325,-2.986912860633595],[-56.03967285275871,-2.986776352835989],[-56.03964888153985,-2.9863547413986],[-56.03964042783201,-2.986206055594721],[-56.0396487072137,-2.985906536787468],[-56.03967285275883,-2.985033036185484],[-56.0401420605225,-2.984495163870974],[-56.04036225667937,-2.984301280462546],[-56.04044532895506,-2.984228135062551],[-56.04094696164549,-2.984294892264643],[-56.04094696164549,-2.984764100028315],[-56.04061126828606,-2.984964371634646],[-56.040277482275314,-2.985132218314277],[-56.040277327104604,-2.985133146410931],[-56.04025934829201,-2.985240680063328],[-56.04017639279789,-2.985736847831163],[-56.04020881772459,-2.986206055594835],[-56.040345753584916,-2.98624858225952],[-56.04051590085436,-2.986301423026362],[-56.04072876931508,-2.986368274278448],[-56.04074669003887,-2.986373902274408],[-56.04074671941618,-2.986373880864164],[-56.04111480832506,-2.986003876639643],[-56.04128265500481,-2.98519897551671],[-56.04130935788561,-2.98488998503791],[-56.0413494122069,-2.984428406668997],[-56.04155159116215,-2.984025956107473],[-56.04157066464842,-2.984003067923709],[-56.041886968149925,-2.983623884810697],[-56.04188728452141,-2.983623505546007],[-56.0419023215087,-2.983587036530878],[-56.04205322385246,-2.983221054984313],[-56.04255676389164,-2.98302078337781],[-56.04322815061039,-2.982751847220641],[-56.043294907812424,-2.982450486136656],[-56.04329490781248,-2.982051850272228],[-56.04329490781248,-2.981912613822317],[-56.0436306011718,-2.981912613822203],[-56.04363658716284,-2.981974586434887],[-56.04366302609856,-2.982248307181578],[-56.043663948378594,-2.982248195984653],[-56.043931961988676,-2.982215880117963],[-56.044366837744064,-2.98221588225465],[-56.04450225949688,-2.982618332816287],[-56.044702531103326,-2.982986451102306],[-56.04470327903073,-2.982986533680958],[-56.04530716061987,-2.983053208304455],[-56.0458087933103,-2.982919693900328],[-56.04617881894512,-2.982986451102192],[-56.04620947678711,-2.983041910793986],[-56.04634857297333,-2.983293534232246],[-56.046514512304384,-2.983591080618794],[-56.04681480604057,-2.983710855898096],[-56.047183991674444,-2.983858109427445],[-56.047721863988954,-2.984193802786706],[-56.048055649999526,-2.984193802786706],[-56.04815673947712,-2.983892441702778],[-56.047855378393194,-2.983188630057214],[-56.04787449832668,-2.982990386536301],[-56.04789161801722,-2.982812882376663],[-56.047898828292205,-2.982734921278393],[-56.0479221355954,-2.9824829110633],[-56.048324586156866,-2.982181549979146],[-56.04861641049769,-2.982408524466337],[-56.048625947240794,-2.982416153860868],[-56.048625947240794,-2.982416282817894],[-56.048625947240794,-2.983255387259646],[-56.0487343402508,-2.98332696754909],[-56.04882812619587,-2.983388901663545],[-56.049297333959544,-2.983053208304113],[-56.04915428281208,-2.982110978079675],[-56.049129487279856,-2.981946946097366],[-56.049218153786796,-2.981476846315616],[-56.049230565304754,-2.981411041852311],[-56.04923057675745,-2.981410981131376],[-56.049433093869425,-2.981397975445248],[-56.05027008176228,-2.981344223929227],[-56.05086135983839,-2.981935502005228],[-56.050939561132395,-2.982013703299458],[-56.0510208311818,-2.982102094951244],[-56.05130958676705,-2.982416153860868],[-56.05167770505318,-2.98251724333835],[-56.0521183025873,-2.98256301970531],[-56.052314759496596,-2.982584000540555],[-56.053085328344196,-2.981243134451518],[-56.05352211118111,-2.98027038664884],[-56.05385780454054,-2.97986793608743],[-56.05375671506306,-2.979230881643787],[-56.05365562558552,-2.978694916678194],[-56.05412483334919,-2.978191376639188],[-56.05412507862445,-2.978193175323952],[-56.054159165624526,-2.978443146658549],[-56.0541597742025,-2.978443257022434],[-56.0545272839106,-2.978509903860697],[-56.05509758115187,-2.977907181692615],[-56.05560112119093,-2.976867676687846],[-56.05560163121737,-2.976867506679071],[-56.05610466123005,-2.976699830008215],[-56.05633470048133,-2.976498443332673],[-56.05664062619576,-2.9762306222446],[-56.05687523007771,-2.974754334402803],[-56.05687523007771,-2.973379136038716],[-56.05747186158919,-2.972850260787027],[-56.057479745442606,-2.972843272260718],[-56.057479863204094,-2.972843175584728],[-56.05814933896437,-2.972307206106677],[-56.058183671239874,-2.971467972708353],[-56.05855766436082,-2.971247635675809],[-56.05892181516077,-2.971033097220186],[-56.059107297043454,-2.970607846074358],[-56.05915641904261,-2.97049522490579],[-56.059833527807314,-2.969942093802103],[-56.06006050229462,-2.969757080984607],[-56.060228348974306,-2.969087601614547],[-56.060235978368894,-2.969060898733915],[-56.06024932980921,-2.969017029715019],[-56.06056404233374,-2.967996598196521],[-56.0616375766603,-2.967327317568447],[-56.061637879613954,-2.967327118826461],[-56.061700587240864,-2.967230953103126],[-56.06220626950653,-2.966455460501265],[-56.06304550290497,-2.966119767141947],[-56.06378364682587,-2.965448380422856],[-56.064643324063695,-2.96503352700347],[-56.064823151830694,-2.964946747732597],[-56.064850802156,-2.964897397151731],[-56.06512451291462,-2.96440887541803],[-56.06546009518672,-2.96363856156654],[-56.06546020627411,-2.963638306570545],[-56.06541706954607,-2.963604755782058],[-56.065374375585634,-2.963571549368339],[-56.06515312314434,-2.963397980642924],[-56.06499099851044,-2.963270188284355],[-56.064990968536506,-2.963269962194715],[-56.064924241308404,-2.962766648245292],[-56.06495728981088,-2.962738391775588],[-56.065305711034966,-2.962440491629252],[-56.06548118710913,-2.962291718435665],[-56.065593720678464,-2.962196351003911],[-56.066548110503675,-2.961370297689314],[-56.06660080075653,-2.961324692678943],[-56.06672504591779,-2.961004483604597],[-56.06683540463848,-2.960720063162171],[-56.06767273068823,-2.960453034353804],[-56.06844329953577,-2.960418702078186],[-56.06844449907874,-2.960419596077202],[-56.06848012612778,-2.960446148311917],[-56.06864547849085,-2.960569382620292],[-56.06908226132771,-2.960334778738343],[-56.069450379613954,-2.95973205657026],[-56.06975174069794,-2.95892715544727],[-56.069986344579775,-2.958223343801762],[-56.070623399023134,-2.957653046560779],[-56.07109260678686,-2.957183838797107],[-56.07193184018536,-2.956512452078016],[-56.07266998410614,-2.956512452078186],[-56.07380867123993,-2.955841065359323],[-56.07424545407679,-2.954534531545846],[-56.07525062680628,-2.953557969045562],[-56.07626082958444,-2.952462489409584],[-56.0767192852536,-2.951965332937334],[-56.07707833805193,-2.951832733102719],[-56.07751464963343,-2.951671601247597],[-56.0775151572322,-2.951671799873225],[-56.078479768041575,-2.952049256277178],[-56.07850471890657,-2.952063479082938],[-56.07906532407179,-2.952383042287806],[-56.07970232056823,-2.952136930004883],[-56.07982063413033,-2.952091217946872],[-56.080008485192934,-2.952012649061146],[-56.080322266820815,-2.951881409597206],[-56.080323012767394,-2.951881596083865],[-56.08116150021914,-2.952091217946872],[-56.081874848607754,-2.95188140959749],[-56.08205721637512,-2.951716052272388],[-56.08275413632754,-2.951084137868747],[-56.083593369725804,-2.951000214528733],[-56.08464050412533,-2.950958252858698],[-56.085269929174046,-2.951503754567682],[-56.08614921689377,-2.951503754567568],[-56.08724022031174,-2.951126099538442],[-56.087909699681745,-2.950664521169074],[-56.08888054013573,-2.950376511525292],[-56.08946037412022,-2.950204850148623],[-56.08972358823149,-2.950107575368122],[-56.09025764584868,-2.949911118458886],[-56.0909271252188,-2.949743271779312],[-56.09260368466687,-2.948841095875991],[-56.09411430478406,-2.947751999806655],[-56.096292496922615,-2.947332383107153],[-56.09707746299557,-2.946823939173726],[-56.09713173032105,-2.946788788747028],[-56.09796751814309,-2.94657964373738],[-56.09914398312861,-2.946285248707852],[-56.10090446591664,-2.945487976979166],[-56.10207748532571,-2.944734574268978],[-56.103124619725236,-2.944063187550114],[-56.10490608334817,-2.943931580494564],[-56.10577032645904,-2.943716778323221],[-56.105888367893954,-2.94368743986962],[-56.108181000950594,-2.942705155323608],[-56.10841871190172,-2.942541491160512],[-56.10949134946128,-2.941802979420231],[-56.11112785458823,-2.940576554249219],[-56.11112849455321,-2.940576183289124],[-56.111128536352226,-2.940576153816721],[-56.11268425107255,-2.939674378345899],[-56.11473083615556,-2.937791825245199],[-56.1172676098372,-2.935827256153345],[-56.12000612567459,-2.934645736615039],[-56.12087059140441,-2.934272767017546],[-56.12291317330357,-2.933675366719854],[-56.12619209408979,-2.932716370532603],[-56.12913894772731,-2.932388306567816],[-56.12913734781256,-2.932389669457962],[-56.12910145597914,-2.932420243982733],[-56.129087945503784,-2.932431752906155],[-56.12908744931423,-2.932432175586257],[-56.12943610562115,-2.932451094920623],[-56.129579545261436,-2.93245887846706],[-56.131572724582725,-2.932426453540472],[-56.13215255856693,-2.932394028613373],[-56.1326332104224,-2.932266236254918],[-56.1331481945532,-2.932233811328445],[-56.13398361325437,-2.932201386401516],[-56.13498115658922,-2.932651520678917],[-56.135879517795274,-2.932619095752102],[-56.13742256283922,-2.932008744189545],[-56.13851547360571,-2.931686402270429],[-56.13941574216034,-2.931398392626761],[-56.1400089275852,-2.930597306201037],[-56.140009938912954,-2.930597432394848],[-56.14109420895727,-2.930732727953796],[-56.1411437013233,-2.930734835672752],[-56.14230346799036,-2.930784226367109],[-56.14288139462599,-2.930364609667606],[-56.143249512912234,-2.929470063158931],[-56.143249512912234,-2.928733826586665],[-56.143294426518025,-2.928291106757797],[-56.14330278719092,-2.928208694411353],[-56.14330291867401,-2.928207398363895],[-56.14398574948456,-2.928050995775948],[-56.14445877194544,-2.927682877489872],[-56.14466683516923,-2.927199067824802],[-56.144775391818484,-2.92694664091772],[-56.144880295993346,-2.925893784472407],[-56.14488029599346,-2.925252986854503],[-56.14488029599346,-2.925252915331725],[-56.14489074580342,-2.925226862380782],[-56.14501953244354,-2.924905777880724],[-56.14518840297177,-2.924820946206864],[-56.14542579770239,-2.9247016915769],[-56.145426185684755,-2.924702054527984],[-56.14576782480822,-2.92502165241774],[-56.146194459201354,-2.92542076201147],[-56.14672088742407,-2.925474167773245],[-56.14719366297339,-2.925211091055758],[-56.147193909884834,-2.925210953661576],[-56.1471903085241,-2.925196548218423],[-56.14719009518768,-2.925195694872741],[-56.14736938595911,-2.925195694872571],[-56.14758873105188,-2.925086976000557],[-56.14762431510013,-2.924779173981733],[-56.14762687802448,-2.924757004687137],[-56.14762687802448,-2.924463327888645],[-56.14762687802465,-2.924463272997798],[-56.147632515165355,-2.924442188626813],[-56.14777374386938,-2.923913956591377],[-56.14786038857699,-2.923792112471006],[-56.14795684933807,-2.923656464525948],[-56.14835358744347,-2.923558142473723],[-56.14839553952356,-2.923547745653991],[-56.14839553952356,-2.923547654387278],[-56.14839553952356,-2.923437119433174],[-56.14835548520227,-2.923152924486772],[-56.14903259396698,-2.922475815722237],[-56.14959907651087,-2.921983719774857],[-56.15061760068079,-2.921102524706555],[-56.15061813652716,-2.921102621334626],[-56.15103355628361,-2.92117753309401],[-56.15178108334669,-2.921312333056107],[-56.152942658664074,-2.920995713182947],[-56.15378761410835,-2.920045853563636],[-56.15378783104626,-2.920046048572715],[-56.15451645517521,-2.920701021165144],[-56.15484428525076,-2.920995713182776],[-56.15590095639345,-2.920467377611374],[-56.158014298678495,-2.919305802294105],[-56.160020829440214,-2.919939042040198],[-56.16276741147118,-2.920467377611033],[-56.164035798312,-2.919834137864882],[-56.16572570920067,-2.918354035326047],[-56.166526795626396,-2.918176651903082],[-56.16667747616839,-2.918144226976153],[-56.16691589474749,-2.917865754075763],[-56.16832542539686,-2.729408265066866],[-56.168363572369856,-2.724166871024011],[-56.168364689720875,-2.724165670906302],[-56.168415070782885,-2.724111557913886],[-56.16838264959131,-2.721763611774804],[-56.16838264802692,-2.721763249124081],[-56.168365495905675,-2.720646959404121],[-56.168365479718545,-2.720645905447725],[-56.11030578733772,-2.744335175469871],[-56.02634259936258,-2.690450801570307],[-56.02634239318013,-2.690450669250311],[-56.02634260427874,-2.690451030911674],[-56.02634369367229,-2.690452897299224],[-56.0268611920082,-2.691339493713315]]]}},{"type":"Feature","properties":{"OBJECTID":102.0,"NOME_":"Amazônºia Florestal Ltda - UMF III","CATEGORIA":"CONCESSÃO FLORESTAL","MUNICIPIO_":"Sanºtarém/Aveiro","CAT_UC":"Uso Sustenºtável","DATA_DE_CR":"29/09/2011","APTAS_PARA":"Sim","CAT_TERRIT":"ÁÁreas estaduais destinºadas a produção florestal","AREA_HA":85417.91,"DESTINACAO":"Floresta Destinºada","ORGAO_GEST":"IDEFLOR-Bio","PASSIVEIS":"Sim","ESTAGIO":"Demarcação Inºiciada","AREA_DECRE":85417.91,"TIPO_FLORE":"TIPO A","OBS":"Conºjunºto de Glebas Mamuru-Arapiunºs","SITUACAO":"Conºtrato de Conºcessão Processo nºº 2010/231258"},"geometry":{"type":"Polygon","coordinates":[[[-56.125456072821805,-3.200036514890485],[-56.125448502263,-3.200081952690937],[-56.12574913249978,-3.201873968242694],[-56.12575282755961,-3.201879516886834],[-56.126905208010385,-3.20903635717184],[-56.128732683638816,-3.20942108880206],[-56.12881506488844,-3.209771209410917],[-56.12922489276639,-3.209834260075979],[-56.132147589821614,-3.209834259810577],[-56.13223101986307,-3.209844192060814],[-56.13365412858343,-3.21019996870848],[-56.13611128461878,-3.211198186386525],[-56.13625376258102,-3.211287065859892],[-56.13840528393649,-3.213536378820834],[-56.140805299871715,-3.216636396671106],[-56.14220531111505,-3.219536412026514],[-56.142221945469885,-3.219644534919269],[-56.14216168125637,-3.220367702050169],[-56.142573681667216,-3.222702364978943],[-56.14285776248687,-3.223714400346182],[-56.1434977347148,-3.227106240598914],[-56.14349774670001,-3.227106307571319],[-56.14378221648542,-3.228772487077435],[-56.14406133198696,-3.230656506312812],[-56.14420532887135,-3.231736482778217],[-56.144605334177356,-3.235136502668183],[-56.144597549073694,-3.235202671319996],[-56.14449106945983,-3.235309150591263],[-56.14449150607112,-3.235314388269614],[-56.14444141902061,-3.235364475400615],[-56.14400195423724,-3.237891403637661],[-56.14420837445414,-3.238510663946727],[-56.14420533253747,-3.238536523216226],[-56.14385939053335,-3.240315662595265],[-56.14334275700395,-3.241297265219487],[-56.14352600030139,-3.242030238820178],[-56.14350532965193,-3.242136544633922],[-56.14340533146765,-3.247636577526862],[-56.14281779403558,-3.249856167998644],[-56.142463828917585,-3.251075381995236],[-56.14241438074197,-3.252855557088594],[-56.14230532881902,-3.25503662172099],[-56.14269709587063,-3.258719219834461],[-56.14279343268436,-3.259754833306658],[-56.14411183330384,-3.263600159213809],[-56.14418433243054,-3.263787451468033],[-56.14440534661617,-3.264436675948502],[-56.144843845369564,-3.268069945845298],[-56.14488090147904,-3.269478015153823],[-56.145204952037886,-3.270693203335554],[-56.14630536332726,-3.275736741348737],[-56.14635371531847,-3.275985407765234],[-56.14696837037582,-3.279365997093521],[-56.14694534660259,-3.279534840008921],[-56.14600536566002,-3.282636781498979],[-56.14595028651911,-3.282884636896426],[-56.145540107353895,-3.283540923805276],[-56.14499077634588,-3.287166517608114],[-56.1449907782557,-3.291011843956653],[-56.14608944496797,-3.293978239238356],[-56.14619931242072,-3.295296636502599],[-56.14663877921822,-3.296395300712163],[-56.14685242385161,-3.296566216551241],[-56.147605383983716,-3.300236884679293],[-56.14760538467249,-3.300439832167854],[-56.147517713848856,-3.301009692506341],[-56.14740784832344,-3.302987288614815],[-56.14760538560881,-3.303332978907576],[-56.14760538529367,-3.303336903326397],[-56.14770538761701,-3.306436921001932],[-56.1464133992464,-3.306942482852889],[-56.14630918433244,-3.306942481867907],[-56.146278494124374,-3.306953992177398],[-56.14627438514839,-3.306953404887736],[-56.14590405188352,-3.30709227958107],[-56.14541907470914,-3.307331565911113],[-56.14540537352207,-3.307336927588267],[-56.1454010840651,-3.30733983886563],[-56.14518735001877,-3.30737991404817],[-56.144913755133985,-3.307504274420012],[-56.14421604606662,-3.307821415263902],[-56.14256804922002,-3.309249680804157],[-56.14256804980556,-3.309585138524938],[-56.142305355841756,-3.312036957119517],[-56.14232021668738,-3.312170704346499],[-56.14212858473502,-3.312985140685043],[-56.14267791920423,-3.315567002746889],[-56.142805361685305,-3.316713977967197],[-56.142805363092634,-3.321137009957283],[-56.14280815895768,-3.321209692292541],[-56.14245818914242,-3.321609658141426],[-56.14295294045047,-3.324973954602854],[-56.14300536733106,-3.326337040969463],[-56.14303332245311,-3.326595621746435],[-56.143007524432676,-3.326615686277705],[-56.14300752432939,-3.327542447576434],[-56.14334622842364,-3.329489989861941],[-56.14340537105852,-3.330037061956205],[-56.143581157102574,-3.330740203942071],[-56.14432592611365,-3.334464035345434],[-56.14462487464721,-3.334942352653115],[-56.14508209871474,-3.337411356075222],[-56.14509499344581,-3.337540296846782],[-56.14516533782063,-3.337944779545126],[-56.145505461726316,-3.340257610369576],[-56.145385293718505,-3.341046552877003],[-56.145661431956114,-3.341049208009395],[-56.14570194998572,-3.341130242512236],[-56.14574560300099,-3.341501291620204],[-56.14715631089797,-3.344087585198167],[-56.14771876792861,-3.345962437920946],[-56.148024977407715,-3.347051179111816],[-56.14802498839083,-3.347051220729554],[-56.14833190219997,-3.348202144022309],[-56.14953966453953,-3.349309258678772],[-56.14970542099536,-3.349537173177453],[-56.150305426226055,-3.351937187434089],[-56.14960542340293,-3.355137206916368],[-56.147237239454626,-3.356005541724073],[-56.14568683044439,-3.356490044656084],[-56.14253897825819,-3.358016278986895],[-56.141805375405795,-3.358337229413053],[-56.14133189661351,-3.35858712125389],[-56.139221092447826,-3.359546577829519],[-56.13867818172929,-3.359987694260326],[-56.13820535319388,-3.360237241260734],[-56.13450533089866,-3.362637257381891],[-56.13445541454263,-3.362777024379113],[-56.133813384650466,-3.3630733453316],[-56.1334607094725,-3.365424523051502],[-56.13346071010193,-3.366775769364153],[-56.13330532697432,-3.371437310315514],[-56.13183389302151,-3.375263042829147],[-56.13181488886761,-3.375299466416209],[-56.13179745338584,-3.375359246387973],[-56.13040531297179,-3.379237357570275],[-56.12730529521383,-3.384537389979414],[-56.12400527454048,-3.38593739942246],[-56.12387616437809,-3.38605844104336],[-56.12263365797298,-3.386969613092731],[-56.12252777503278,-3.387322556873414],[-56.12240526549948,-3.3874374099085],[-56.12245260611269,-3.387573119279693],[-56.12235049548707,-3.387913488231391],[-56.123860696956285,-3.391688984751681],[-56.1247028682393,-3.393446557728737],[-56.12600529246191,-3.396237459352847],[-56.126319064291295,-3.396732888750876],[-56.12735303840253,-3.398579266699187],[-56.12785595770134,-3.399159556968016],[-56.127905306386936,-3.399237475430596],[-56.13020532289494,-3.402737495696158],[-56.13103018164912,-3.405362039695433],[-56.131305331938734,-3.406237514775853],[-56.13099011154367,-3.407592968304925],[-56.130279057274436,-3.410566470672961],[-56.12971273348967,-3.414153194243283],[-56.1297552035752,-3.414846860782347],[-56.129705326011845,-3.415237568854764],[-56.129605328202956,-3.420837602036272],[-56.12730531565387,-3.424937627745521],[-56.126498546444,-3.426147783137765],[-56.1257012714251,-3.427320245149531],[-56.123907910336584,-3.429019220078544],[-56.12372481227089,-3.430209359945195],[-56.12370529443308,-3.430237660414264],[-56.12368339270836,-3.430478586596564],[-56.1235303617417,-3.431473293657177],[-56.12354715838313,-3.431977179243347],[-56.123348120316905,-3.434166602496077],[-56.12318516987784,-3.43408512689507],[-56.12303650265699,-3.435076242360651],[-56.121405284035006,-3.437737704915719],[-56.12063095713154,-3.44083501681655],[-56.120605280560426,-3.440937723935463],[-56.12200529291607,-3.446937758444051],[-56.122836080211925,-3.451016161350367],[-56.122854459291716,-3.451261202573619],[-56.12294454810126,-3.452207128447697],[-56.123075710309195,-3.453584333052788],[-56.12285446244033,-3.456349964080971],[-56.122080085064226,-3.458230594002885],[-56.12185883691507,-3.462434353088895],[-56.12172863850941,-3.464322254193235],[-56.121605299048895,-3.46563786936116],[-56.11940528775301,-3.469937895350483],[-56.11800142544513,-3.472151683015568],[-56.11677007904416,-3.474050005577453],[-56.117101957359125,-3.478364390998649],[-56.11798696169046,-3.481904398036193],[-56.11808610901937,-3.482172097863497],[-56.11820528602817,-3.482637970026929],[-56.118514489485335,-3.484012205148701],[-56.118429463787834,-3.486052844698577],[-56.11920009542081,-3.486823475425638],[-56.121405310832415,-3.491138018432309],[-56.12031669941496,-3.494997649675724],[-56.120310098556786,-3.495013488463428],[-56.1203111718516,-3.495017243726181],[-56.12030530661974,-3.495038041937448],[-56.121405314826916,-3.499238066285216],[-56.12141242462411,-3.499251929250647],[-56.12163760566159,-3.500434124379012],[-56.12328892853566,-3.502911105518137],[-56.12340533004169,-3.503138088109722],[-56.12460533976105,-3.506438105826078],[-56.124705341301706,-3.509438124637143],[-56.124675606324786,-3.509543549480895],[-56.12362886723872,-3.512160399396862],[-56.123789904244404,-3.512683770670321],[-56.1236053362166,-3.513338147913885],[-56.1222731094241,-3.513690797173638],[-56.12130573645186,-3.513819779938842],[-56.120492888631816,-3.514162032162631],[-56.12020531544982,-3.514238153822077],[-56.12016002505794,-3.514302185310385],[-56.11920385697198,-3.5147047830975],[-56.11740397538881,-3.518198671700532],[-56.11730529950921,-3.518338180179114],[-56.11519948763424,-3.520093024598737],[-56.11489838136589,-3.520339383396788],[-56.11202706460011,-3.52083443891712],[-56.1119025894082,-3.520789174902802],[-56.11172495195245,-3.520710226302697],[-56.110906961473006,-3.520346674680127],[-56.09580169220743,-3.539508672643137],[-56.0956098760563,-3.539752002707701],[-56.095778481450054,-3.540342119050706],[-56.09490516850451,-3.543738340686275],[-56.09494185134599,-3.543899746160207],[-56.094752413226615,-3.544468061776229],[-56.09539551361945,-3.545968625302976],[-56.095505253662964,-3.546572197263572],[-56.096005178918574,-3.549738374555545],[-56.0956716703285,-3.554407520525956],[-56.09560988430508,-3.554757644287918],[-56.09560988403882,-3.555272531172704],[-56.095605178728874,-3.555338408392743],[-56.09560988440899,-3.555360366606465],[-56.09560988452171,-3.556043841666394],[-56.09612249148648,-3.557752527886294],[-56.096205183642894,-3.558138424143465],[-56.0967051892282,-3.560538437867137],[-56.096758892640935,-3.560772431161126],[-56.09633873286066,-3.561467309336479],[-56.09771068060684,-3.56541164798],[-56.098073319986156,-3.566499563048865],[-56.098105200827376,-3.566638473539797],[-56.09825230936565,-3.567036530567748],[-56.098568148160325,-3.567984042808632],[-56.0997686012862,-3.571242410458979],[-56.10011158856031,-3.573128832838677],[-56.10045457581805,-3.574157790926506],[-56.100532003833564,-3.574254576331327],[-56.10095896676671,-3.57610474661243],[-56.100797563285425,-3.57707317284877],[-56.10199801629682,-3.579131088771533],[-56.10344752747352,-3.57958406230955],[-56.10510525357438,-3.580838551720603],[-56.10535186988824,-3.581208477510415],[-56.10559937348182,-3.581703482685043],[-56.10683688640569,-3.583435998644802],[-56.10730526865734,-3.58413856998618],[-56.11140529528683,-3.584838572610579],[-56.113731269042944,-3.586303071720295],[-56.113981375659705,-3.586460546138255],[-56.11380864865657,-3.586962388442203],[-56.113675621646905,-3.587152427243893],[-56.112005301440945,-3.589538599376908],[-56.110405292769144,-3.591738613326413],[-56.110400407291365,-3.59173713234577],[-56.110537135973516,-3.590916755728642],[-56.110236051439074,-3.590314584496468],[-56.109182250305764,-3.59031458583371],[-56.10782736476119,-3.590615672082777],[-56.10717671805776,-3.590760259580861],[-56.107105271859496,-3.590738609583866],[-56.10693094942371,-3.590814875396973],[-56.1064724774119,-3.590916757182242],[-56.10391324967088,-3.59212110194801],[-56.10090239080108,-3.592121103715215],[-56.09728936146348,-3.592572734163639],[-56.09698827569821,-3.59317490481493],[-56.09689976363842,-3.593705980983316],[-56.09630520341989,-3.593938634260041],[-56.096085018679446,-3.593976226874588],[-56.0960850181952,-3.593626534354314],[-56.09503121809024,-3.593325448890425],[-56.092923617494705,-3.59422870779315],[-56.092344364321775,-3.594614877206823],[-56.092205177932954,-3.594638639955406],[-56.09211392159165,-3.594768505267155],[-56.091568731232144,-3.595131964623533],[-56.089611674918046,-3.598293365658265],[-56.088858963178154,-3.601454765398671],[-56.08873823221097,-3.601720373714102],[-56.087305151900466,-3.604138698525901],[-56.08693407547116,-3.604751782367543],[-56.08660082113761,-3.605218337425299],[-56.085547020741785,-3.606874309590296],[-56.08534753852729,-3.607373018717794],[-56.085005139100076,-3.607938721575636],[-56.08493683429941,-3.608399778540388],[-56.08464376506436,-3.609132452679091],[-56.084549763465134,-3.61101251973048],[-56.08420513680562,-3.613338754191602],[-56.08274967133667,-3.615479144649271],[-56.082460895924385,-3.615850426359827],[-56.080390933298645,-3.619049463648025],[-56.07846295143764,-3.621152716821712],[-56.078320969206516,-3.621307607318329],[-56.07873397638264,-3.624198650482924],[-56.07893601800498,-3.626017014325555],[-56.07899266016892,-3.626866631132941],[-56.07630511939351,-3.676039124999079],[-56.07642551154811,-3.675953130631456],[-56.07645954070034,-3.675877828774503],[-56.07945419654584,-3.673868687930849],[-56.08057434927855,-3.673069913507902],[-56.081821218533776,-3.671928714534261],[-56.08465736657217,-3.669287898432458],[-56.0878769957971,-3.667917934817467],[-56.08885737719072,-3.667777746477952],[-56.09446883429837,-3.667717899281513],[-56.096708067814916,-3.666947799598574],[-56.09848954668962,-3.665207804749741],[-56.10033968323745,-3.663697887726244],[-56.1025674774491,-3.662437848058005],[-56.104318441294765,-3.661817719097996],[-56.106118983762485,-3.660877853208888],[-56.10806830770724,-3.659257795678514],[-56.10904868859831,-3.658027787985816],[-56.11049829068065,-3.656817795970881],[-56.114076500502165,-3.654877781965354],[-56.114060126266,-3.654763309721886],[-56.11399640341733,-3.654317734001722],[-56.11470116385232,-3.654399279731535],[-56.114709976236895,-3.654396169086283],[-56.11495455697832,-3.654424468891364],[-56.11905851574886,-3.652857642648655],[-56.11941600205995,-3.652740516599636],[-56.125448195407444,-3.649917701082529],[-56.12547241184086,-3.649953092152998],[-56.12550001064943,-3.649941263547589],[-56.126139053580914,-3.650875206798787],[-56.12937608528978,-3.655658303506812],[-56.13764934450978,-3.667749357671255],[-56.137691890024655,-3.667759367898043],[-56.137855023815064,-3.667997783859789],[-56.1389015711959,-3.668221731295148],[-56.140087916026005,-3.668475594783217],[-56.140285007562056,-3.668517769673372],[-56.140972185817134,-3.668531200492794],[-56.14097541996142,-3.66853196166818],[-56.14103184903695,-3.668533064367637],[-56.14103467541912,-3.668532421537918],[-56.1417921601398,-3.668547226504757],[-56.14365966535536,-3.668347782518822],[-56.144727797731775,-3.668077890287861],[-56.145628068975896,-3.667367869710404],[-56.14710817109153,-3.666657848769887],[-56.14959918680415,-3.666247767048844],[-56.149607271162836,-3.666252312339225],[-56.14962494902602,-3.666249402346352],[-56.14989705277799,-3.66639517076635],[-56.15237385136095,-3.667787727672476],[-56.15283505946786,-3.668329536985652],[-56.153044465457185,-3.668617468940283],[-56.15336813425978,-3.668997703152911],[-56.153556421581186,-3.669321407653115],[-56.153734690353986,-3.669566527091831],[-56.15374111077642,-3.669577565901704],[-56.15422398894657,-3.67040771082327],[-56.15553396133686,-3.671849478157185],[-56.15579692681064,-3.672178184286679],[-56.15599648103665,-3.672397815159968],[-56.156583685808926,-3.672710023906689],[-56.15688522943606,-3.672851372692037],[-56.15821418767632,-3.673557961188749],[-56.15865209726917,-3.673679591072869],[-56.15870400262287,-3.673703921093249],[-56.15950984842374,-3.67392774459762],[-56.15998668006546,-3.674237932561198],[-56.16174864007331,-3.676069677961266],[-56.16193254334166,-3.676223759035054],[-56.162032729976886,-3.676327912284705],[-56.162364141017804,-3.676585366079792],[-56.16281874441381,-3.676966249818008],[-56.162932042330965,-3.677054264481569],[-56.16306993776027,-3.677133658881075],[-56.163924835768114,-3.677797780641868],[-56.16609541303524,-3.678957925930774],[-56.16657604658087,-3.679094400199972],[-56.166650897358636,-3.679125789613636],[-56.16848970611545,-3.679647912958103],[-56.16977907396989,-3.68054794855351],[-56.16982866784235,-3.680917981862194],[-56.17190005774427,-3.684097781488731],[-56.172915592131346,-3.686008869413513],[-56.173105744272334,-3.686339132968328],[-56.174734810184646,-3.688708681193873],[-56.17529898939614,-3.689518013672512],[-56.17543293525233,-3.689835890943698],[-56.176505770238066,-3.692339165711985],[-56.17655922563773,-3.692424066155013],[-56.176624050049895,-3.692577906220208],[-56.177524322896204,-3.694317884337295],[-56.17807087283592,-3.694938231407889],[-56.178843504361794,-3.695675766611089],[-56.179923792803606,-3.696558083012633],[-56.18123162139062,-3.69795336477813],[-56.1819289738101,-3.697847933917046],[-56.185427074544236,-3.69804796400598],[-56.186579112862034,-3.698337887002253],[-56.187162848761716,-3.698583822281307],[-56.187213598037545,-3.698590166101269],[-56.18832380067295,-3.699057905969369],[-56.189480579773544,-3.699206036722728],[-56.19061890506481,-3.699107982961152],[-56.191587848472125,-3.698838090540335],[-56.1920799444415,-3.698687885467507],[-56.19361728181286,-3.696898062407683],[-56.195429277394794,-3.695437974705101],[-56.19830938860423,-3.693687978716127],[-56.201689221806646,-3.692117984006131],[-56.20365762398734,-3.691487838685873],[-56.20669795704413,-3.691297804116459],[-56.20819713742878,-3.690907987864819],[-56.21188978608592,-3.689427884585939],[-56.21649034577541,-3.688067920636115],[-56.21847018549039,-3.687147867584258],[-56.22005711692805,-3.686007984452203],[-56.22159825135594,-3.684317817412705],[-56.22202931611412,-3.683847892861536],[-56.22267781964979,-3.6822879150738],[-56.22331869723763,-3.680787764856575],[-56.22336064793109,-3.675287904615402],[-56.22359716456299,-3.674327774277913],[-56.2242571063577,-3.673097766485398],[-56.226347570937264,-3.670457749459899],[-56.23078790934818,-3.66703785186013],[-56.23433941488861,-3.6624778235863],[-56.2349879172873,-3.661327691528243],[-56.236117517526964,-3.664261590586875],[-56.23619979516167,-3.66438258630302],[-56.236263401108545,-3.664547788585423],[-56.23633323649233,-3.665040299629538],[-56.23635522559914,-3.665447098625634],[-56.23665877548501,-3.667587883699923],[-56.236380290559225,-3.66887773482955],[-56.23586725383524,-3.669942690633832],[-56.2357418678929,-3.670277053151779],[-56.23563881736516,-3.670490965960028],[-56.23557293102414,-3.670627729886064],[-56.23492442848209,-3.672817868640095],[-56.23492535052549,-3.672924216666729],[-56.23492902436112,-3.673347457753266],[-56.234906132426374,-3.673439022842729],[-56.23493140943248,-3.673622272784087],[-56.23493588182623,-3.674137751349235],[-56.23521435322681,-3.675857714621657],[-56.235268238133415,-3.676064280055698],[-56.235306137160876,-3.676339039525715],[-56.23532016914339,-3.676400178134259],[-56.236647330063136,-3.68148776174894],[-56.236696676557244,-3.682397801065747],[-56.23670614917279,-3.682439074673198],[-56.23674901880332,-3.682704865634435],[-56.236793648845094,-3.68352792978601],[-56.2371942001335,-3.685557832406857],[-56.23807539460489,-3.688217877863394],[-56.238099389144736,-3.688270365801372],[-56.23851173748625,-3.689172355812616],[-56.23867431989805,-3.689527995079686],[-56.23872735829934,-3.689603594591063],[-56.24194353107714,-3.694187910886001],[-56.24368304285815,-3.695507808422349],[-56.245605665235644,-3.696327968086791],[-56.24620512761743,-3.696641480086782],[-56.247082436879,-3.697100304135915],[-56.24781744246428,-3.697503372064944],[-56.24862938436809,-3.697928006963821],[-56.24889729426502,-3.698095547046705],[-56.24918727848899,-3.698254569232688],[-56.24951277313579,-3.698458119982547],[-56.250118618805686,-3.698836989706933],[-56.250349045118014,-3.699003409090551],[-56.25062830426987,-3.699178044274618],[-56.25090102579219,-3.699402060219541],[-56.25119661747789,-3.699615543273353],[-56.254036206582725,-3.701947996309286],[-56.254398039896785,-3.702107865345283],[-56.25504067320361,-3.702391799975203],[-56.25509691792786,-3.702432421655089],[-56.25603757453632,-3.702848031818291],[-56.25749861662655,-3.704068037612956],[-56.25794936821194,-3.704793430318716],[-56.258113464556914,-3.705000069366633],[-56.258354471180155,-3.705387920225064],[-56.25863063102355,-3.705651316078388],[-56.25874207166436,-3.705791649542959],[-56.26023758798527,-3.707218038340955],[-56.26082887447842,-3.708187919558441],[-56.260710608151726,-3.709498036469824],[-56.259318240623884,-3.711037999349458],[-56.25833556252121,-3.711594707404686],[-56.25831439484682,-3.711626918747243],[-56.258209724397375,-3.711686217065051],[-56.25795708111275,-3.711809125384207],[-56.25765884036201,-3.711978084021268],[-56.25751610955899,-3.712023651755374],[-56.257447974034676,-3.712056799228776],[-56.25575283238129,-3.712597979276552],[-56.25502196695106,-3.713028350409616],[-56.25451304388588,-3.713328030657067],[-56.254070424206986,-3.713811019787954],[-56.253624226678994,-3.714297911989831],[-56.252681498630864,-3.715870029041753],[-56.25265085280989,-3.715921135319945],[-56.25250145267847,-3.716110758911555],[-56.25225719819821,-3.716518081801382],[-56.25134928694348,-3.717408103621892],[-56.24959476497713,-3.717896787362918],[-56.24954542406209,-3.717920471048785],[-56.249195325399455,-3.71801798297696],[-56.24766562879864,-3.71941799207417],[-56.247655977889906,-3.719432818444432],[-56.24673484228947,-3.720848031670073],[-56.24630377876548,-3.723028138878703],[-56.24699422281327,-3.727338007568449],[-56.24699470638575,-3.727338085237875],[-56.247286130675775,-3.727724179870847],[-56.24823026490327,-3.729022364027117],[-56.252464341365794,-3.73463202426575],[-56.253606286283116,-3.736139377597169],[-56.26050633540177,-3.745239427018987],[-56.26290635185859,-3.748439443571499],[-56.26351743673996,-3.749275665985692],[-56.264659141229686,-3.750788211365659],[-56.2646601876703,-3.750791149610222],[-56.26472131338517,-3.750923071293641],[-56.264806365880816,-3.751039458557045],[-56.264817077497014,-3.751052722777331],[-56.2649539617272,-3.751348137262596],[-56.26505156648568,-3.751475726786509],[-56.266353969530314,-3.753178241966964],[-56.267255072645526,-3.754000189401893],[-56.267255176746175,-3.754000288590532],[-56.26767795262913,-3.754437652293916],[-56.268986128553934,-3.755978253620697],[-56.27026347075491,-3.757058664504768],[-56.270416651631706,-3.757188230094641],[-56.2716715655597,-3.757946853230067],[-56.27216670723908,-3.758246178527713],[-56.27218668086334,-3.758258254110899],[-56.27428477522932,-3.758888160769288],[-56.27497448608648,-3.758927095900503],[-56.275210010520254,-3.758940391505803],[-56.275220416164984,-3.758942993024448],[-56.275668168098036,-3.758968268903288],[-56.27707961500744,-3.759288222941848],[-56.27818948607154,-3.759833845300136],[-56.278300345371235,-3.759870798580778],[-56.27833601575105,-3.759888334154823],[-56.28001448586866,-3.760458396529089],[-56.28003672542644,-3.760460177046866],[-56.2822354379274,-3.760636021775269],[-56.284209316615886,-3.759848269010718],[-56.28802023032654,-3.756898297612622],[-56.288828953892164,-3.756428137336684],[-56.29188072363138,-3.755188347292176],[-56.29624857680733,-3.752688283909833],[-56.298129245287726,-3.751828293028552],[-56.30200881623267,-3.750618314977771],[-56.305419165606,-3.749848215011639],[-56.307177755567466,-3.749618134645857],[-56.30892871921549,-3.749038302136285],[-56.31013797664559,-3.748878081319845],[-56.311217546454145,-3.749018268963027],[-56.31289983783353,-3.749508224506201],[-56.31586768544378,-3.749828177896291],[-56.31685954305988,-3.750170097922876],[-56.31686567136023,-3.750170753684131],[-56.31693465310599,-3.750195990378529],[-56.3169701453935,-3.750208225847189],[-56.31697272305752,-3.750209918457244],[-56.31705332382802,-3.750239406623621],[-56.318894129684395,-3.751448245372842],[-56.319833831754636,-3.75167371237427],[-56.3198549485208,-3.751687346163806],[-56.3211091263542,-3.751988265956527],[-56.32131129922203,-3.751228182874286],[-56.32249768079896,-3.749838189023762],[-56.32254593650168,-3.749719354401179],[-56.32246414446615,-3.749702995632902],[-56.322145251023755,-3.749310512471084],[-56.322022598808815,-3.748476483685067],[-56.321899947532984,-3.747838697703514],[-56.32189994720676,-3.747372623632998],[-56.32224107652496,-3.74658376035552],[-56.322292431229755,-3.74646500391691],[-56.32278303573611,-3.746023459367507],[-56.32349441328938,-3.745655506035121],[-56.323641594382934,-3.745312081853058],[-56.323518942180385,-3.744551645102206],[-56.32356800251796,-3.743877063471302],[-56.323592532427654,-3.743312867703708],[-56.32361706271246,-3.742576960282918],[-56.32403407623724,-3.742184476163288],[-56.32464733210179,-3.74149762959496],[-56.32503981593834,-3.740933433519331],[-56.32538323984312,-3.740197526017653],[-56.325407768947684,-3.739510679176647],[-56.32538323819466,-3.738529470132789],[-56.32549242274655,-3.738353825527327],[-56.32507262022847,-3.738077138032168],[-56.32456231217719,-3.737759920303233],[-56.3245347273276,-3.73719444447056],[-56.32453472715679,-3.736780681518326],[-56.324424390383285,-3.73651863087872],[-56.324394804999656,-3.736370704297258],[-56.32435542939021,-3.736173828717483],[-56.32418992434776,-3.735939362784165],[-56.32384512149525,-3.735704897950313],[-56.32356927890521,-3.735470431533429],[-56.3233899807791,-3.735263550180264],[-56.32336239718876,-3.735042877040314],[-56.32354169440049,-3.73467048967899],[-56.323941664784854,-3.734001572969703],[-56.3239830408088,-3.733656770178584],[-56.323927872674744,-3.733284383201124],[-56.323652029843515,-3.733008541936726],[-56.323652029987954,-3.732539610023707],[-56.323762366556196,-3.732056886256771],[-56.323858910914964,-3.731794836506367],[-56.32423129781603,-3.731463825994979],[-56.324300258047515,-3.731270736091915],[-56.32399715190127,-3.731050295798696],[-56.32399683174788,-3.73105006259226],[-56.32368495802399,-3.731063623107445],[-56.323679613496324,-3.731063855254206],[-56.323445147228654,-3.730898349900144],[-56.32314172046404,-3.730339770271542],[-56.32316930483228,-3.729788086209851],[-56.32388649377373,-3.728960559451536],[-56.32436921761649,-3.728753677387147],[-56.32439480060691,-3.728684237878156],[-56.32446576234554,-3.728491627531639],[-56.32439479983685,-3.728367444224261],[-56.32424508855439,-3.728105449195027],[-56.324107166650094,-3.727608933025806],[-56.32410716682489,-3.72726413103004],[-56.324302597007375,-3.726978500523614],[-56.32446576154871,-3.726740030405551],[-56.32475539537887,-3.726305578827464],[-56.32440282514614,-3.72577672583094],[-56.324369216193986,-3.725726311215453],[-56.32421750246414,-3.725353924446722],[-56.32421750259283,-3.725009121514063],[-56.32436921563897,-3.724747071328238],[-56.32458988944347,-3.724747071880586],[-56.32482435477618,-3.724760863390657],[-56.324824630212674,-3.724760546114055],[-56.325003652559644,-3.724553982280895],[-56.324865731025454,-3.724140218610899],[-56.32471401751366,-3.723823000808579],[-56.323927867278655,-3.723409237674332],[-56.323877925489796,-3.723368808871896],[-56.32343808365829,-3.723012747155849],[-56.32334859780542,-3.722940306986459],[-56.32283828930571,-3.722367934623776],[-56.32256244741353,-3.721995548223845],[-56.32252759833659,-3.721803877203627],[-56.322507278806086,-3.721692122128218],[-56.32270036794864,-3.721485240279321],[-56.32286587336546,-3.721471448324962],[-56.32286729215252,-3.72147180271412],[-56.32297621033763,-3.721499032341853],[-56.32319688448672,-3.721719706162048],[-56.32320255812073,-3.721719706280965],[-56.32343134989145,-3.721719705808709],[-56.32365732657712,-3.721493728783969],[-56.32366581581971,-3.721485240235552],[-56.32367960759632,-3.721140436960695],[-56.32360985451635,-3.721090214491142],[-56.323334805122556,-3.720892179581881],[-56.32305896262665,-3.720574961325326],[-56.32286587235524,-3.720092238184407],[-56.32289345663054,-3.719609514145418],[-56.32303174516602,-3.719440495168328],[-56.32314171438935,-3.719306088169731],[-56.32285208006357,-3.71887853318799],[-56.32282449569078,-3.718568210400065],[-56.323127921393166,-3.718195823959832],[-56.32316929774373,-3.717699308267868],[-56.322893455265955,-3.717230376301359],[-56.32265898901619,-3.716802821914087],[-56.32242452302802,-3.716554563736906],[-56.32209351219922,-3.716471811431518],[-56.321845254176026,-3.716264930060447],[-56.32166595675386,-3.715920127720267],[-56.32172112501246,-3.715685661464704],[-56.321238400738935,-3.715127081565925],[-56.321183231856594,-3.71424438703076],[-56.321390113853,-3.713913376870494],[-56.321555618925345,-3.713720287044168],[-56.32132115303915,-3.713582366407991],[-56.32107289495082,-3.713485821753352],[-56.321045309961676,-3.71320997943468],[-56.32104531031899,-3.712934137508228],[-56.32088020031796,-3.712713992053352],[-56.3208798049904,-3.712713463904265],[-56.32060396255457,-3.712741048802627],[-56.320588527988036,-3.712770202006254],[-56.32047983401617,-3.712975514423533],[-56.32028914308137,-3.71315258483537],[-56.32028674444774,-3.713154812306811],[-56.31994194143323,-3.712920346698127],[-56.319900564655484,-3.712272117923874],[-56.320162614713695,-3.711872146827034],[-56.32049362509724,-3.710968763359517],[-56.32059895105806,-3.710647239439595],[-56.320755674260056,-3.710168821830848],[-56.32100393158595,-3.709451632043567],[-56.32114185267267,-3.70912062132885],[-56.321445279417105,-3.708830986912403],[-56.321472863029214,-3.708568936662061],[-56.32065912852323,-3.708389639882796],[-56.320024691573565,-3.708086214618163],[-56.31972922893249,-3.707806580438501],[-56.31963851228733,-3.70772072424694],[-56.319461790235266,-3.707426188408704],[-56.31939025428562,-3.70730696042915],[-56.319486798307935,-3.706700108648761],[-56.319679888056726,-3.706341513645668],[-56.31981780921319,-3.706327721796754],[-56.319941938217084,-3.706327721491846],[-56.3200653908699,-3.706507289406943],[-56.320093650924264,-3.706548394647939],[-56.320205947086606,-3.706567110909646],[-56.32025915624581,-3.706575978959393],[-56.32026008059131,-3.706575187024896],[-56.32045224618457,-3.706410473268363],[-56.3203216910847,-3.706266176331326],[-56.32019019579076,-3.706120840019082],[-56.32012123501636,-3.705831205177901],[-56.32020398735642,-3.705555363558574],[-56.32028674042783,-3.705334689963252],[-56.320121234171665,-3.70503126366151],[-56.319913878499506,-3.705005344051926],[-56.31991248724455,-3.705004460601742],[-56.319737878061005,-3.704893600280343],[-56.31954196529091,-3.704769213781219],[-56.319652302779105,-3.704334762834947],[-56.31968412011224,-3.704283247962223],[-56.31994193676212,-3.703865830945119],[-56.32001089707353,-3.703521028377907],[-56.31967988578077,-3.703465860540234],[-56.3195281729557,-3.703190018346788],[-56.31944542021131,-3.702721086388294],[-56.31883856685346,-3.702527997680875],[-56.31860410108584,-3.702293532442013],[-56.318493763747654,-3.701865976621889],[-56.318204129714786,-3.701714263739746],[-56.318011039663645,-3.701452214143842],[-56.31821792121224,-3.701024658905794],[-56.31843859454716,-3.700714336516057],[-56.31854893097346,-3.700438494577895],[-56.31832825716782,-3.699941978327274],[-56.31807999923387,-3.69972130538423],[-56.31774339566152,-3.699570413955541],[-56.317680028231905,-3.699542007691434],[-56.31748693818963,-3.699224789919072],[-56.31751452240985,-3.698838611373731],[-56.31754687122424,-3.698817815261805],[-56.31790070130717,-3.698590352669271],[-56.31797840086347,-3.698542537705293],[-56.31807999862309,-3.698480015700056],[-56.318148959450525,-3.69828692603204],[-56.317928861876055,-3.698176877890603],[-56.317928285460596,-3.69817658962495],[-56.31783094903096,-3.698182099388873],[-56.317202171761835,-3.698217690707565],[-56.31719730363221,-3.698217966061804],[-56.31701771916943,-3.698156529665823],[-56.31667320291763,-3.698038669654181],[-56.31638356870377,-3.697735243351985],[-56.31635598382985,-3.697183559589291],[-56.31674216285148,-3.69677669243157],[-56.31702950795511,-3.696223026064956],[-56.31730763845633,-3.695687115764088],[-56.31776277867766,-3.6952181838858],[-56.318190333572886,-3.694969926224246],[-56.318202960582084,-3.694881534954732],[-56.31825929357689,-3.69448720219782],[-56.318259293894414,-3.694004478305771],[-56.31802482792318,-3.693549339727269],[-56.3181627485053,-3.692832150172762],[-56.318135163455906,-3.692011519483628],[-56.31821791521975,-3.690701269756573],[-56.3179972417347,-3.69030129898033],[-56.31799724059215,-3.68939102004947],[-56.31802482519112,-3.688811751782737],[-56.31814854871038,-3.688294085150289],[-56.31839721098089,-3.687922160928736],[-56.31857084861548,-3.687761628827786],[-56.31912819287919,-3.687246347514417],[-56.319541955689715,-3.686598118817187],[-56.31956953967358,-3.686473989973308],[-56.31948871433934,-3.6864066349616],[-56.31948678723501,-3.686405029233697],[-56.31900406336331,-3.68661191085647],[-56.318769812766845,-3.686832383085459],[-56.31876959815543,-3.686832585074285],[-56.3186282698079,-3.686827350511294],[-56.318622698295314,-3.686827144329072],[-56.31839721115824,-3.686818793236569],[-56.318325878573205,-3.68678847656173],[-56.31784552627789,-3.686584328030449],[-56.31773767389586,-3.686343247303796],[-56.31773689205488,-3.686341499903335],[-56.317611060095714,-3.68606022803516],[-56.31760264742434,-3.685690064411119],[-56.317597267801716,-3.685453374940607],[-56.31798344645949,-3.684701705504949],[-56.31836962530582,-3.68386038719882],[-56.318387765494435,-3.683858119465356],[-56.31844428103062,-3.683851054593276],[-56.319031646647545,-3.683777634119679],[-56.31903227679595,-3.683778264515695],[-56.31921094351236,-3.683956931286559],[-56.3195005777423,-3.683998307752631],[-56.31950625203996,-3.683998307891045],[-56.31966608348148,-3.683998307684419],[-56.31974883642738,-3.683805217570921],[-56.319610914576856,-3.683694881044516],[-56.319210943369285,-3.683460415909849],[-56.31911473295321,-3.68305633171866],[-56.31907302237306,-3.68288114749538],[-56.319210942988434,-3.682494968721528],[-56.31979021116348,-3.68234325520126],[-56.31979459768087,-3.682343592349014],[-56.319850210149525,-3.682347869917635],[-56.31996950920876,-3.682357047085077],[-56.320162598562945,-3.682563928317165],[-56.32038327243788,-3.682757017677829],[-56.32072807514214,-3.682798393670964],[-56.32072967961369,-3.682797905858138],[-56.32104529365654,-3.682701849399621],[-56.321197006691364,-3.682536343265042],[-56.321197007131275,-3.682150164920813],[-56.32063152993197,-3.681915698958449],[-56.32029893274063,-3.681795595580695],[-56.320135014278605,-3.681736402225681],[-56.32005226116178,-3.681364015753445],[-56.320190182334045,-3.680839915254182],[-56.320369478925954,-3.68032271193232],[-56.32079703378315,-3.67972965125557],[-56.32042464663863,-3.678984877554171],[-56.32038298623581,-3.67886822778604],[-56.32032080997129,-3.678694133950614],[-56.32021776442622,-3.678405609569666],[-56.31980400174069,-3.678240104339181],[-56.31943161406957,-3.677840133660027],[-56.31938915271729,-3.677810410674283],[-56.31901785042942,-3.6775504996574],[-56.31861787940397,-3.676978127799202],[-56.318686839298664,-3.676343690583906],[-56.31886156857831,-3.676300900428487],[-56.31936265240495,-3.67617818532932],[-56.319366409282054,-3.676178654694411],[-56.319804000362524,-3.676233353219061],[-56.319804068609585,-3.676232652807585],[-56.31981557619872,-3.676114702779614],[-56.319859168447806,-3.675667877370358],[-56.31918335459261,-3.674592093387616],[-56.31857650136698,-3.673723191512408],[-56.31841099524212,-3.673302532343314],[-56.318176529558514,-3.673164611662742],[-56.318081483126434,-3.673154428275154],[-56.317790350450025,-3.673123235304388],[-56.3173214186113,-3.672668096138125],[-56.317390378857,-3.671909530530741],[-56.31809377618839,-3.671426806802174],[-56.31846616250431,-3.670723409040875],[-56.31845760345368,-3.67063867518317],[-56.318397201716834,-3.670040700116317],[-56.31841099334639,-3.669171798144134],[-56.31822142177219,-3.668958415572263],[-56.31789006713956,-3.668576944271877],[-56.31783172476872,-3.668509777175359],[-56.31752829804498,-3.668068429657183],[-56.317480504701734,-3.667873846451187],[-56.31733520744433,-3.66728228054177],[-56.31737658347936,-3.666585779458217],[-56.31712738824274,-3.666393543262814],[-56.31689385966757,-3.666213392810107],[-56.3167283541502,-3.665827213889088],[-56.31646630399416,-3.664999687832619],[-56.316093916177124,-3.664585925225879],[-56.31550085554903,-3.664144577985837],[-56.314769873806256,-3.663910112996462],[-56.31461816009124,-3.663427388660978],[-56.314287148778305,-3.663041210228528],[-56.313252740268865,-3.661765441350326],[-56.31323894761192,-3.661075836151781],[-56.31301029648631,-3.660897996929236],[-56.31261830201902,-3.660593113212315],[-56.31256313381448,-3.659572497934334],[-56.313073441107576,-3.659172526008774],[-56.31324139058876,-3.658901516292246],[-56.31337686773264,-3.65868290622808],[-56.31325553865662,-3.65838716904409],[-56.313156193029556,-3.658145014182139],[-56.313018081070595,-3.658052939367508],[-56.31270105390547,-3.657841588935014],[-56.312659677471174,-3.657551954727523],[-56.3128113906165,-3.657289904145046],[-56.312815535611776,-3.657283271058816],[-56.31284789777237,-3.657231492279323],[-56.31294931099262,-3.657069230427112],[-56.31275822708682,-3.656741659467741],[-56.31275622106671,-3.656738219985641],[-56.31272931412735,-3.656763445175102],[-56.31268874763987,-3.656801476756925],[-56.31253707382126,-3.656943671860631],[-56.312535548211315,-3.656945102173211],[-56.312135576148364,-3.656807181361614],[-56.31216316035636,-3.65626928869608],[-56.31242477432471,-3.65579838263227],[-56.31243900254873,-3.655772773316983],[-56.312535546821834,-3.655483138758768],[-56.312494170143225,-3.654772846241428],[-56.31211866255546,-3.654635160417627],[-56.312080406987775,-3.654621133269927],[-56.31140459280158,-3.654014280541332],[-56.31126667122129,-3.652786783714362],[-56.31141584681768,-3.652446993851925],[-56.31147677065155,-3.652308223878094],[-56.31151492929109,-3.652221307527952],[-56.311418384120486,-3.651986841783184],[-56.31121263146753,-3.651938429799884],[-56.31118863102074,-3.651932782031565],[-56.31118391864783,-3.651931673659419],[-56.3111283319883,-3.651995811473],[-56.311004621351174,-3.652138555178738],[-56.31094945239113,-3.652373021182939],[-56.31074765250855,-3.652386474378659],[-56.310742571235835,-3.652386813105011],[-56.31045293660213,-3.652221308053242],[-56.31021847046736,-3.651945466333643],[-56.30991504431495,-3.651683416322101],[-56.309714217786734,-3.65090655031031],[-56.30969436948453,-3.650876578035422],[-56.30984608317647,-3.650490399446028],[-56.30952886444783,-3.650173181272521],[-56.309156477355316,-3.649980091755538],[-56.30905993226179,-3.649552536905446],[-56.309286821385285,-3.64924230028646],[-56.309735744725,-3.648628465691559],[-56.31009433966403,-3.648256078954375],[-56.31020467622744,-3.647814731530275],[-56.30961161446987,-3.646745843565213],[-56.30948748510832,-3.64601486200263],[-56.30912889023364,-3.64568385164921],[-56.30881167222293,-3.645449386732935],[-56.30846038224911,-3.645332289689918],[-56.30827377940733,-3.645270088990458],[-56.30770830312082,-3.645118376438177],[-56.30748762882217,-3.644801158069697],[-56.307495349308624,-3.644751747219914],[-56.30755658915314,-3.644359811094148],[-56.30766020136127,-3.6442362733913],[-56.30791518416413,-3.643932255277605],[-56.308025520704746,-3.643897775107519],[-56.3079565599387,-3.643815022756769],[-56.307487628752426,-3.643787439070309],[-56.30723937044252,-3.643759854472592],[-56.3071600257955,-3.643759854663926],[-56.307138394295805,-3.643759854680411],[-56.30707386490542,-3.64375985498009],[-56.306935943470194,-3.643759854474467],[-56.30676232082533,-3.643759855177791],[-56.30675664678142,-3.643759854957523],[-56.30656355641338,-3.643594350190767],[-56.30601187227694,-3.643511597808015],[-56.305611900887584,-3.643373676781607],[-56.30550156436777,-3.643235755270268],[-56.305521308729794,-3.643162162086242],[-56.30496973318674,-3.641369544763847],[-56.30495402997394,-3.640450866232641],[-56.30495004115585,-3.640217539809044],[-56.304722696962244,-3.640103868320296],[-56.304257419918144,-3.639871230258223],[-56.30448829308051,-3.639101651657029],[-56.30462823752947,-3.639000580393656],[-56.30518091399341,-3.638601424619708],[-56.3054887451259,-3.6377164096196],[-56.30518091325314,-3.636677478197214],[-56.30462823584975,-3.635986632702952],[-56.304411333306575,-3.635715505681503],[-56.30425741690647,-3.633830038009478],[-56.304106352574706,-3.632822945016983],[-56.30402654229039,-3.632290881701749],[-56.303680231470196,-3.63209848739308],[-56.30336932343096,-3.632023440530816],[-56.302564341939615,-3.63182913557506],[-56.301756283642135,-3.631598262016382],[-56.30187172088648,-3.631078796522559],[-56.30229498878606,-3.630078343775779],[-56.302641297890204,-3.62853918715507],[-56.303060175879125,-3.627970709993463],[-56.303180003360865,-3.627808087114033],[-56.30283369167762,-3.626884593212935],[-56.30259017000111,-3.626692339552903],[-56.30233504367732,-3.626490923287463],[-56.302331872500986,-3.62648842073429],[-56.30220378124227,-3.62661651116133],[-56.30220346615562,-3.626616826789586],[-56.301339217657016,-3.626565989162771],[-56.30077835221391,-3.626532997495758],[-56.30041186029996,-3.626475733096413],[-56.30040991361494,-3.626475428924778],[-56.29964485171263,-3.626537883099843],[-56.29963993942374,-3.626538284443086],[-56.29890883905347,-3.626153495080132],[-56.29890883857155,-3.625422395818987],[-56.299755374564825,-3.624229549059976],[-56.30064038962473,-3.623017462081521],[-56.3022180263348,-3.621247430696485],[-56.30235022585282,-3.621019752731399],[-56.302910646738326,-3.620054583547187],[-56.30283368805112,-3.61882325812627],[-56.302711908087986,-3.618291855551888],[-56.30271008411444,-3.61828389574174],[-56.3024104179637,-3.616976269143436],[-56.30235022374757,-3.616883241624578],[-56.30114061187618,-3.615013845136502],[-56.30116349749011,-3.614922302714319],[-56.3014507512234,-3.614692499916316],[-56.3018657633404,-3.614596727110495],[-56.30200712128271,-3.614564106096623],[-56.30235022300144,-3.614592697702165],[-56.30252069262639,-3.614606903874403],[-56.30307706254001,-3.614606902930177],[-56.303385206088365,-3.614606903093602],[-56.30350503954139,-3.614606903431195],[-56.30384742039058,-3.614863688421792],[-56.304232600152034,-3.615206069250291],[-56.30453218332042,-3.615248867176206],[-56.30470337402426,-3.614992081119226],[-56.30427539705954,-3.614778092857762],[-56.30389021781309,-3.614692498229545],[-56.303761825069614,-3.61435011727059],[-56.3040186111167,-3.61413612888083],[-56.3045749799939,-3.613922140480156],[-56.30500295723607,-3.613793746712872],[-56.30543093345847,-3.613665353649253],[-56.30560212434568,-3.613451365263302],[-56.30551652823266,-3.613151782615603],[-56.30521694517182,-3.613023389323985],[-56.30504931588024,-3.612967513085835],[-56.30518090034707,-3.612762825311393],[-56.304488278883355,-3.611300626308548],[-56.30464219343878,-3.610300174456427],[-56.304334361585234,-3.609068849213827],[-56.30495002506365,-3.608953412133417],[-56.30529633498617,-3.608761017478457],[-56.305180897836635,-3.608472425374998],[-56.30414196595348,-3.608010678852281],[-56.30352992356967,-3.607693323844046],[-56.303523460325664,-3.607689972196567],[-56.303388544437155,-3.607620016147166],[-56.30310303435141,-3.607471974150997],[-56.30217953914439,-3.606548480022298],[-56.302218017482005,-3.605509549843418],[-56.302872159272965,-3.604470617645291],[-56.303870246558574,-3.6032910599518],[-56.30456523146427,-3.602469712827371],[-56.304570500715386,-3.602470192100839],[-56.304988500254524,-3.602508191250308],[-56.305221341663355,-3.602704267602689],[-56.305223334299626,-3.602701167883026],[-56.30540995965322,-3.60241086219969],[-56.30589198276448,-3.602138413861667],[-56.30589423827456,-3.60214034608731],[-56.30618538883823,-3.602389903949643],[-56.306374007237196,-3.602788097587506],[-56.306571371067776,-3.602886778469383],[-56.30657211967883,-3.60288431625014],[-56.306604616252514,-3.602777542849253],[-56.306450699274876,-3.600969033919455],[-56.30571959935054,-3.600084018976986],[-56.30482260906405,-3.598924120062293],[-56.30460370877762,-3.598641059707745],[-56.30310302884334,-3.597525171615871],[-56.303476831771604,-3.596684116157576],[-56.30356477573173,-3.596486240166996],[-56.304103481125594,-3.595678182397933],[-56.30410904289903,-3.595678351576396],[-56.30488359499407,-3.595701821791295],[-56.30491058883439,-3.595702640342665],[-56.304910704407234,-3.59570247138555],[-56.30511654967768,-3.595400563885846],[-56.30545187080952,-3.595211945803101],[-56.305454213495295,-3.595213819691594],[-56.30566144635577,-3.595379605779215],[-56.30572860980055,-3.595434557762701],[-56.305731103023845,-3.59543195495371],[-56.3065276537169,-3.594600771206728],[-56.307951373913454,-3.592869219322722],[-56.30783593650631,-3.592022682265736],[-56.30756658381296,-3.591022230374278],[-56.307566583290736,-3.590098736745574],[-56.30742257758027,-3.589828726407234],[-56.307421242758835,-3.589826222367265],[-56.307343343360344,-3.589871164443537],[-56.307149429782385,-3.589983037366437],[-56.30643059528643,-3.590367531536458],[-56.30624825578542,-3.59046506170796],[-56.306096568277894,-3.59056688446185],[-56.305897651011264,-3.590700409721478],[-56.3058919771907,-3.590704218943017],[-56.30589197695713,-3.591009958247469],[-56.305891977144256,-3.591324320882507],[-56.30566144454724,-3.591450066941945],[-56.305331797677184,-3.591450067029427],[-56.30532612396331,-3.591450066800292],[-56.30501239652199,-3.591340263018139],[-56.304910985883225,-3.591304768894247],[-56.304906972105414,-3.591303364054056],[-56.3046345243701,-3.591533897308238],[-56.30423633078095,-3.591764430146497],[-56.304131543313986,-3.592078793543692],[-56.304157101294095,-3.592270481823391],[-56.304173458455125,-3.592393156598177],[-56.30398484045622,-3.592623689583434],[-56.30369143527963,-3.592644647545001],[-56.303481859574845,-3.592602732345597],[-56.303314198612554,-3.592938053262344],[-56.30316780242663,-3.593221697379931],[-56.302978878772876,-3.593587737602718],[-56.302684335276126,-3.593654679723272],[-56.30252204355128,-3.593691563720256],[-56.302517812603696,-3.593692525529036],[-56.302378152276106,-3.59359941952232],[-56.30237412134932,-3.593596731343553],[-56.301838947708404,-3.593638355189114],[-56.30183322177754,-3.593638800772737],[-56.30194865791066,-3.59263834865402],[-56.30244888379019,-3.591984206040934],[-56.302987589270174,-3.590906795921057],[-56.304103478462025,-3.590445048582581],[-56.30483457783623,-3.590060258483049],[-56.30521936742133,-3.589483075000544],[-56.30591198785203,-3.589136763759882],[-56.30620777042782,-3.588760312716659],[-56.306146143186254,-3.588652506649225],[-56.30613221200446,-3.588636253273762],[-56.30633525551639,-3.588174790928463],[-56.306897743047784,-3.587331058743075],[-56.30710483426071,-3.587020422493367],[-56.30779745514002,-3.586289322201083],[-56.30864440896664,-3.585103585627508],[-56.30864730078514,-3.585099538299801],[-56.30895182283194,-3.584673206473099],[-56.30899030131161,-3.583788191726626],[-56.308605511295355,-3.583326445057537],[-56.30798984806398,-3.583172528997807],[-56.30761541758511,-3.582965607339588],[-56.30732399120086,-3.582804556016129],[-56.30725421382522,-3.582909866567775],[-56.30740091693082,-3.583245187528462],[-56.30746379023162,-3.583496677484106],[-56.30740091774743,-3.583999658928235],[-56.30740091748004,-3.58414636155203],[-56.30741530494231,-3.584166282923206],[-56.30767336624592,-3.584523597129589],[-56.307643251008244,-3.584545347072492],[-56.3073122897523,-3.584784374979733],[-56.30729613032389,-3.584796045343182],[-56.30698176747086,-3.585319984294699],[-56.30679882347334,-3.585319984112346],[-56.30679314890051,-3.585319984802084],[-56.30639495521598,-3.585215196783565],[-56.306248252809326,-3.584921791333329],[-56.30641591309097,-3.584418809853048],[-56.306688360976125,-3.584020616943008],[-56.306646445073454,-3.583517635711701],[-56.30641591243301,-3.583098485357709],[-56.30626920849596,-3.58274220685206],[-56.3063036811086,-3.582621553964771],[-56.30529632116043,-3.582306755280285],[-56.30532751492143,-3.582140390398138],[-56.3056426306768,-3.580459766588092],[-56.30604074218934,-3.579054665130514],[-56.30629677155764,-3.578151030060098],[-56.30629677063678,-3.57684274711454],[-56.30645077903603,-3.576207462454306],[-56.3066046020524,-3.575572942080896],[-56.306296449147624,-3.575484898370348],[-56.30629203581117,-3.575483637441039],[-56.30618813103024,-3.575587542167796],[-56.305857795921156,-3.575882484022486],[-56.3052372908715,-3.576436506995321],[-56.30509975129115,-3.57655930988841],[-56.304836577533024,-3.576647034528492],[-56.304430214938236,-3.577108311122572],[-56.304257386907125,-3.57730449446575],[-56.30341607403807,-3.577380978322253],[-56.303410850435114,-3.577381453473549],[-56.302718228418826,-3.576650354392257],[-56.30244887498071,-3.575342070476665],[-56.302479668709054,-3.574348979762988],[-56.302525831608875,-3.572860179796919],[-56.30264690520255,-3.571508185772473],[-56.302756704582976,-3.57028209194624],[-56.30275670327103,-3.568298128816309],[-56.30275670339864,-3.568242707992397],[-56.30344932383974,-3.567396172050678],[-56.30464217099865,-3.566742029186798],[-56.304920856260026,-3.566551349829069],[-56.30537327104844,-3.56624180316976],[-56.306181327919774,-3.565318307940402],[-56.30614284903288,-3.564664166023761],[-56.30568929353689,-3.564502182665478],[-56.305604143789765,-3.564471771823207],[-56.30556566410189,-3.56406774363478],[-56.30560414262874,-3.56341360185769],[-56.305804871929126,-3.562780531598321],[-56.30584568368016,-3.56265181886846],[-56.30610436862298,-3.561835965567695],[-56.306893108389374,-3.561292006858537],[-56.3072202570786,-3.561066386424272],[-56.30810527249821,-3.560335286398413],[-56.30810527241141,-3.559873539219609],[-56.30806017243469,-3.559864518977804],[-56.307528088425556,-3.559758102737305],[-56.307228883557286,-3.559720702356913],[-56.30722467983327,-3.559720176884525],[-56.30720036572421,-3.559728860611415],[-56.30712078907868,-3.559757280501515],[-56.306806295495335,-3.55982985585274],[-56.3068035119353,-3.559830498122096],[-56.30658385925403,-3.559781687132329],[-56.30639203404638,-3.559605847272849],[-56.30639174681221,-3.559600382497933],[-56.30637371986518,-3.55925787659163],[-56.30666787631452,-3.559018874919843],[-56.30668155155166,-3.559007764044168],[-56.306989382268625,-3.558084268974824],[-56.307411315814704,-3.557240400623186],[-56.307412386822364,-3.557238726811704],[-56.30802831242886,-3.556275759044127],[-56.30806679152238,-3.555506180871134],[-56.30741264941946,-3.555198349294812],[-56.306687223137885,-3.555198349747968],[-56.30668154875502,-3.55519835043674],[-56.30644323053309,-3.555086199946231],[-56.30602740645213,-3.554890518754291],[-56.305219349167146,-3.554621166530126],[-56.30429585412003,-3.55427485669918],[-56.30394954329796,-3.553659193971725],[-56.30414193774135,-3.553043531380865],[-56.305565658117644,-3.552427867476126],[-56.306681547534936,-3.552196994028634],[-56.30692081201312,-3.552196993639541],[-56.30703447873083,-3.552196993544555],[-56.307100962120956,-3.552196993931034],[-56.30783591567399,-3.552196993180758],[-56.30815089666066,-3.552406980018304],[-56.30841310010106,-3.552581782380287],[-56.308444761540215,-3.552627011718641],[-56.30895180579171,-3.553351360113481],[-56.30968290631074,-3.554043980541167],[-56.31011387961507,-3.554091866494787],[-56.31042502744822,-3.554403013050035],[-56.31098314674455,-3.554462811269502],[-56.31098457626001,-3.554462356826491],[-56.31145293820708,-3.5543133324623],[-56.31170646608933,-3.553951149682234],[-56.311722291026,-3.553928543232757],[-56.31214555893746,-3.553389837386874],[-56.3121455588215,-3.552851132380283],[-56.31168201897151,-3.55149617369068],[-56.31164533166549,-3.551388933415296],[-56.311722288797,-3.550042171022028],[-56.31196833719849,-3.548632982529],[-56.31214555537889,-3.547617998252235],[-56.31176076607528,-3.5465405885368],[-56.3111451019692,-3.545386220959358],[-56.31092014165,-3.544582795071847],[-56.31087574856747,-3.544424248080247],[-56.31064487486151,-3.543616191134959],[-56.310531747384005,-3.543469125443266],[-56.31026187707977,-3.543118294238752],[-56.31026008514971,-3.543115965150946],[-56.310075184842844,-3.543226905321603],[-56.30968290080733,-3.543462275400259],[-56.30959026494918,-3.543536384969116],[-56.30945449445511,-3.543645001048901],[-56.309484077476725,-3.543891529341067],[-56.309577967361065,-3.544052483243377],[-56.309765747140716,-3.544159785961199],[-56.30985963708298,-3.54428050155542],[-56.30985963720195,-3.544508519372698],[-56.309631618899914,-3.544736537399444],[-56.30955955377908,-3.544825761486152],[-56.30941354958435,-3.545270785495347],[-56.308836365307,-3.545886448125088],[-56.30850263575837,-3.546122022099496],[-56.308184739643934,-3.546346419675388],[-56.3081822232333,-3.546348195670305],[-56.307566559924,-3.546001886215777],[-56.30718177000551,-3.545501659793615],[-56.3080283068266,-3.545424701631987],[-56.308759406562956,-3.544539686370911],[-56.308720927961076,-3.543962502580825],[-56.3081437432059,-3.543500755807884],[-56.30814374248894,-3.543000529362303],[-56.308413095136075,-3.542615740283395],[-56.30841993012177,-3.542600118255564],[-56.30895180011703,-3.541384413919786],[-56.30913590918732,-3.541234825000117],[-56.30902934204488,-3.540947093206682],[-56.309182672925374,-3.540884187927588],[-56.31026008320697,-3.540383961233829],[-56.310260083615276,-3.53996069264673],[-56.31076030934662,-3.539306550977074],[-56.31160684609267,-3.53857545092086],[-56.31272273483728,-3.538344577130374],[-56.313530792534436,-3.537959786670626],[-56.31433885031754,-3.537767392343028],[-56.31506995035335,-3.537651954895182],[-56.31580105092621,-3.537344122696481],[-56.31585147958185,-3.537007925737441],[-56.315970371085086,-3.536957866711248],[-56.31628492651913,-3.536486033450501],[-56.31618961879292,-3.536352603829755],[-56.315757461804935,-3.535747585197555],[-56.31557017586482,-3.535054627152249],[-56.3152009688921,-3.534349778751789],[-56.31514690662863,-3.534246570111407],[-56.314637791744246,-3.533822308229162],[-56.31422341184998,-3.533476991338603],[-56.313607748026016,-3.532976765969295],[-56.31256881596772,-3.531860877903512],[-56.312604385860766,-3.531398469731755],[-56.31243162038862,-3.531256556668609],[-56.31239230131564,-3.530706084533108],[-56.31227962564071,-3.530668526452246],[-56.31227434236217,-3.530666765697333],[-56.31219570389328,-3.531020640398708],[-56.311841829886134,-3.531846347117892],[-56.31171342432975,-3.531898877226922],[-56.311708195424444,-3.531901016251368],[-56.311683799953244,-3.531783919965278],[-56.31187619463708,-3.530821947010111],[-56.31175254540835,-3.530104784297521],[-56.31180438292586,-3.529586409393744],[-56.311879193389814,-3.528838320789248],[-56.31191781829256,-3.528452076704696],[-56.31191883867871,-3.528441868537925],[-56.3117552215474,-3.528402182484911],[-56.310986962652805,-3.528215837419509],[-56.3109844885156,-3.528215237546704],[-56.31035336680952,-3.528062155722978],[-56.31034769217206,-3.528060778842871],[-56.30849863541039,-3.527612281480117],[-56.30822744244904,-3.527546501621089],[-56.307440427813106,-3.527355607256197],[-56.307018413953585,-3.527253245534382],[-56.3070057873079,-3.527246626155716],[-56.28375703199316,-3.521602436539411],[-56.23900607344808,-3.510738072282038],[-56.228137322259386,-3.498559852439882],[-56.22244425321435,-3.49215029281396],[-56.220050647882545,-3.489455444820749],[-56.220061396291044,-3.489422056046976],[-56.21954163513391,-3.489275874036025],[-56.21950510079944,-3.489265599028613],[-56.21924008567453,-3.488623449022725],[-56.219186581398674,-3.488493805455278],[-56.21910774623183,-3.488302780413619],[-56.21925543195215,-3.487953560626067],[-56.21941680653771,-3.487798910088202],[-56.221004068042475,-3.485916342174164],[-56.22116501459567,-3.485665979863825],[-56.22137636876823,-3.485337207586667],[-56.22166850309776,-3.484882776825657],[-56.22173756425707,-3.484215185639982],[-56.2217792414624,-3.483812297169379],[-56.22123130297268,-3.482570306050718],[-56.22151558596113,-3.481156584864834],[-56.221294331585966,-3.480746740857455],[-56.2212828869138,-3.480306617546773],[-56.22039405596621,-3.478006579668772],[-56.2181853305417,-3.474776705964985],[-56.21642292731747,-3.472666689869186],[-56.21451556567479,-3.469926529711984],[-56.212932454871634,-3.467316548121573],[-56.21200547715307,-3.465316680875219],[-56.211636998374615,-3.46345241708724],[-56.211626511365125,-3.463308598924016],[-56.21168503847605,-3.46148646386871],[-56.21296296701769,-3.457446438131285],[-56.21356569155108,-3.454266630251254],[-56.213565690858275,-3.452306580261222],[-56.21079620106195,-3.447146456777148],[-56.21030410044244,-3.445146590864113],[-56.21034805953707,-3.443866106600353],[-56.210396108830196,-3.443680775071471],[-56.21035639175557,-3.443623405904077],[-56.21037276488124,-3.443146485929105],[-56.2106626823869,-3.441236503078017],[-56.21059401630981,-3.439236397942466],[-56.21062236790709,-3.438904940981217],[-56.21062691506876,-3.438899726874297],[-56.21108853385408,-3.438635944681323],[-56.211220424510145,-3.438438108398941],[-56.211198442815544,-3.437800634886401],[-56.211198442929685,-3.437580816474906],[-56.21192384280863,-3.436503706127951],[-56.21238546097328,-3.435888215852117],[-56.212781133641215,-3.435338669758437],[-56.212825098010455,-3.434723178599882],[-56.21223158788814,-3.434635251216605],[-56.21190186010955,-3.435118850902256],[-56.211044568437785,-3.435646415612666],[-56.21094642082363,-3.43567796367995],[-56.21089702792449,-3.435693839119267],[-56.21092589520367,-3.435356351631185],[-56.211322625513105,-3.433876478688603],[-56.21189483300691,-3.432826476946957],[-56.21328339108095,-3.431336351284529],[-56.21595369480042,-3.429656441813563],[-56.216296059763465,-3.429212326936238],[-56.21641912521767,-3.429194746422411],[-56.21688074421854,-3.429216727320295],[-56.21725443590611,-3.429216727224798],[-56.217606145605146,-3.428996908883164],[-56.21776001797309,-3.428755108183793],[-56.21804578162619,-3.428403399571494],[-56.218309563750836,-3.428139617721286],[-56.218265599706115,-3.427875834799011],[-56.218023800051014,-3.427743943974349],[-56.21789190830168,-3.427809890370327],[-56.21776001754125,-3.428051690847212],[-56.21749623530724,-3.428403399134424],[-56.21727641750374,-3.428403399586045],[-56.21725443493847,-3.428073672344453],[-56.21729468287481,-3.427512572054752],[-56.21782290704874,-3.426476395755515],[-56.218192934946444,-3.425736340005074],[-56.2185248144371,-3.424596453442689],[-56.21897494970358,-3.418336260913861],[-56.219107816636495,-3.417712411445848],[-56.220117565160876,-3.417764192085031],[-56.22019999666912,-3.417159692543578],[-56.22011756478827,-3.416692578659195],[-56.219622972579145,-3.416665101778904],[-56.219336590441856,-3.416638252716893],[-56.21952274064438,-3.415764227810314],[-56.21973288193169,-3.415593486996443],[-56.22000765368705,-3.414988986160381],[-56.21992522221234,-3.414631781390085],[-56.21981210863464,-3.414405555656572],[-56.21983325920269,-3.414306246595686],[-56.220806012524065,-3.411406344747718],[-56.22157277073097,-3.409656341296227],[-56.222553152418584,-3.407926365057335],[-56.22519293962563,-3.404916312126261],[-56.226955339029644,-3.403446213572693],[-56.22991556272427,-3.401726250153729],[-56.23224254160658,-3.399426212130834],[-56.23420330792737,-3.398326141230427],[-56.23446337659982,-3.398212360881018],[-56.23468052581683,-3.398172879235574],[-56.235477367206386,-3.397898105518493],[-56.2362604697463,-3.397499684836589],[-56.23627167824088,-3.397421228597693],[-56.23701475704786,-3.3970961302918],[-56.238372797406385,-3.396176067446618],[-56.241275799567404,-3.393726061920518],[-56.24380495913783,-3.392356099810456],[-56.24496463423395,-3.392026126120754],[-56.2459247396896,-3.391877335114827],[-56.24628232567443,-3.391868394063124],[-56.246344636862375,-3.391866836008603],[-56.24667395918476,-3.391761224821607],[-56.248667948495324,-3.39145220466844],[-56.249419963058756,-3.39186239261636],[-56.25026159560798,-3.391972170569602],[-56.25132278470494,-3.391752613489416],[-56.25238397340587,-3.39178920563262],[-56.25414042342675,-3.391825797489446],[-56.25494546351467,-3.391533055104901],[-56.255384575519656,-3.391276906231838],[-56.25692147027502,-3.390252309610105],[-56.259190217742514,-3.389593640536759],[-56.26149848280454,-3.388697894788152],[-56.26164193013659,-3.388642229240588],[-56.26434979130727,-3.38798355894852],[-56.26614283411345,-3.387471260253847],[-56.267405281983486,-3.386245403767873],[-56.2679175794691,-3.38536717885745],[-56.26894217594332,-3.385037843952887],[-56.27000336473645,-3.385074435897877],[-56.271900111115656,-3.384941330044967],[-56.27182968778254,-3.383490060100769],[-56.27183049183111,-3.38348987917766],[-56.26952891557346,-3.336076010075544],[-56.26892786548302,-3.336012068369143],[-56.26615121990557,-3.324905517509421],[-56.265622081505285,-3.322788968441955],[-56.259611577680346,-3.321887396452951],[-56.25720737515684,-3.32038477205009],[-56.25209844679932,-3.320084250391801],[-56.25148599616716,-3.319681322917404],[-56.25087719955627,-3.319280799702426],[-56.24067848563027,-3.312571129878165],[-56.230460627853745,-3.310467458957305],[-56.222947495990184,-3.306560637214147],[-56.222947482597874,-3.278912333590881],[-56.21957701816348,-3.279110597639601],[-56.21304128852876,-3.279495055050575],[-56.21340253103085,-3.27913381252074],[-56.21494338053094,-3.278209302683138],[-56.21703893671133,-3.277469693949172],[-56.21814834794844,-3.275743942011616],[-56.218703054014895,-3.274449627985121],[-56.2188879552553,-3.272477339925103],[-56.21833324728465,-3.269950347359952],[-56.21777854014255,-3.267361720291262],[-56.21722383299266,-3.265204531694621],[-56.21685402828581,-3.263602048423365],[-56.216669124471935,-3.26052034922543],[-56.21586788260254,-3.260027277584243],[-56.21562134591852,-3.258609696519954],[-56.214018860433214,-3.255897802597019],[-56.21297108107609,-3.255034927216911],[-56.2119233029951,-3.254295320132712],[-56.21013591565452,-3.252939372895867],[-56.21001264807296,-3.252384667517106],[-56.20809749121702,-3.24995193376202],[-56.20531267358729,-3.249537175442981],[-56.20227736759938,-3.248364445774598],[-56.20069073003663,-3.247467652975956],[-56.19931104488859,-3.246087969439031],[-56.19848323376152,-3.244708286377545],[-56.19758643885689,-3.243328603776774],[-56.19627573752882,-3.241948920623543],[-56.195585895330396,-3.240155332877407],[-56.194758083684064,-3.238016823870908],[-56.193516367022994,-3.237189014210514],[-56.19275754070895,-3.236499172671415],[-56.19179176083554,-3.234981521148484],[-56.19241261718838,-3.230773486141175],[-56.191584805508796,-3.229393802730272],[-56.19123988404385,-3.228634977372735],[-56.19123988312401,-3.226220531429817],[-56.19055004053598,-3.225185768906158],[-56.190825978958514,-3.224564912309347],[-56.185566354236244,-3.223996217993431],[-56.185031305824396,-3.223461168957783],[-56.18206498400059,-3.222357422768766],[-56.17978850400743,-3.221046724413327],[-56.178960692291014,-3.219184152346145],[-56.17709811627742,-3.213803388195117],[-56.17620132138637,-3.212561672852644],[-56.17447671420496,-3.210009259402],[-56.17378687147141,-3.208353639798531],[-56.1694408655369,-3.20704294197941],[-56.16543978017319,-3.204283577522972],[-56.16447400060281,-3.203731703809751],[-56.15985205701236,-3.200592925838123],[-56.15564401869335,-3.197350672126731],[-56.14971137469939,-3.193211624348351],[-56.14791778490786,-3.191831942236149],[-56.14660708465385,-3.190521243180456],[-56.14612419460633,-3.190107337913616],[-56.14612419392114,-3.189210543874651],[-56.14610056436396,-3.189045135091988],[-56.14603446239187,-3.189069488014411],[-56.14559499516031,-3.188300422882833],[-56.14471606373024,-3.188520156553125],[-56.14449632982638,-3.187751091290977],[-56.14438646285498,-3.184894562976297],[-56.144935794027504,-3.183246564995613],[-56.144716060007454,-3.1804999036504],[-56.14405685704901,-3.174127648441242],[-56.14438645509574,-3.16951325567095],[-56.14361738815245,-3.167096194405417],[-56.142958188066586,-3.165667929883568],[-56.14087072220684,-3.162811402772093],[-56.13977205682579,-3.161053539836587],[-56.13845365856872,-3.1598450084864],[-56.13746485822105,-3.157757546278333],[-56.13636619175463,-3.155560217284858],[-56.13625632435725,-3.153912219916037],[-56.13669578953153,-3.152374089405271],[-56.136256322622444,-3.151165557913316],[-56.13559712337616,-3.149737294728993],[-56.1348280573435,-3.148968229411651],[-56.13427872389343,-3.148528763683601],[-56.133619524853884,-3.148748497345252],[-56.133289926908844,-3.151605025998776],[-56.132850461411465,-3.153692488556374],[-56.13164193012983,-3.154131955807316],[-56.13087286500843,-3.154681288266374],[-56.12988406704727,-3.155560220894927],[-56.12977419991728,-3.156988484234944],[-56.12911500176506,-3.158966081301344],[-56.12845580433594,-3.16237194250499],[-56.1279064730665,-3.165008737684445],[-56.12735714230155,-3.168524466502276],[-56.1264782121429,-3.174347389744071],[-56.12614861566624,-3.179730846879806],[-56.125489417336155,-3.18181831029392],[-56.125489418373945,-3.184345239601328],[-56.124830220795275,-3.187091901492408],[-56.124830221482,-3.188849765772943],[-56.12461048859171,-3.190168163679004],[-56.12526968892212,-3.192365492383487],[-56.1252696901949,-3.195881219125056],[-56.12559929242536,-3.199177213274311],[-56.125456072821805,-3.200036514890485]]]}},{"type":"Feature","properties":{"OBJECTID":null,"NOME_":"SB Inºdústria, Comércio e Exportação de Madeiras LTDA - UMF IIa","CATEGORIA":"CONCESSÃO FLORESTAL","MUNICIPIO_":"Sanºtarém/ Juruti/ Aveiro","CAT_UC":"Uso Sustenºtável","DATA_DE_CR":"23/02/2012","APTAS_PARA":"Sim","CAT_TERRIT":"ÁÁreas estaduais destinºadas a gestão florestal","AREA_HA":68644.8127,"DESTINACAO":"Floresta Destinºada","ORGAO_GEST":"IDEFLOR-Bio","PASSIVEIS":"Sim","ESTAGIO":"Demarcação Inºiciada","AREA_DECRE":102324.86,"TIPO_FLORE":"TIPO A","OBS":"Conºjunºto de Glebas Mamuru-Arapiunºs","SITUACAO":"Conºtrato de Conºcessão Processo nºº 2024/1321517"},"geometry":{"type":"Polygon","coordinates":[[[-56.185566354236244,-3.22399621799343],[-56.190825978958514,-3.224564912309391],[-56.19055004053591,-3.225185768906102],[-56.19123988312394,-3.226220531429759],[-56.19123988404383,-3.228634977372674],[-56.19158480550874,-3.229393802730243],[-56.19241261718847,-3.230773486141141],[-56.191791760835564,-3.234981521148439],[-56.19275754070897,-3.236499172671382],[-56.19351636702294,-3.237189014210468],[-56.19475808368407,-3.238016823870852],[-56.19558589533041,-3.240155332877346],[-56.1962757375288,-3.241948920623582],[-56.197586438856895,-3.243328603776724],[-56.19848323376154,-3.244708286377515],[-56.19931104488857,-3.24608796943901],[-56.200690730036655,-3.247467652975924],[-56.20227736759932,-3.248364445774533],[-56.205312673587294,-3.249537175442923],[-56.20809749121703,-3.249951933762],[-56.21001264807298,-3.252384667517149],[-56.21013591565446,-3.252939372895841],[-56.21192330299508,-3.254295320132653],[-56.21297108107609,-3.255034927216838],[-56.214018860433235,-3.255897802596969],[-56.215621345918606,-3.258609696519912],[-56.215867882602566,-3.260027277584172],[-56.21666912447195,-3.260520349225377],[-56.21685402828581,-3.263602048423331],[-56.21722383299267,-3.265204531694668],[-56.217778540142575,-3.26736172029122],[-56.21833324728466,-3.269950347359922],[-56.21888795525525,-3.272477339925076],[-56.218703054014874,-3.274449627985054],[-56.21814834794846,-3.275743942011592],[-56.21703893671136,-3.277469693949117],[-56.21494338053087,-3.278209302683109],[-56.21340253103079,-3.279133812520683],[-56.21304128852874,-3.279495055050521],[-56.21957701816348,-3.279110597639556],[-56.222947482597874,-3.278912333590812],[-56.22294749599027,-3.306560637214092],[-56.230460627853674,-3.31046745895728],[-56.24067848563027,-3.31257112987812],[-56.25087719955627,-3.319280799702396],[-56.251485996167176,-3.319681322917348],[-56.252098446799344,-3.320084250391744],[-56.25720737515686,-3.32038477205007],[-56.259611577680325,-3.321887396452925],[-56.265622081505285,-3.322788968441892],[-56.26615121990558,-3.324905517509373],[-56.26892786548304,-3.336012068369092],[-56.26952891557345,-3.336076010075506],[-56.271830491831125,-3.383489879177611],[-56.2719009463195,-3.384941271261556],[-56.271900974937765,-3.384941863474757],[-56.27208914936598,-3.384928064499996],[-56.27366263632334,-3.384745099934093],[-56.27454086082356,-3.38434258027116],[-56.27465063921954,-3.38364731828398],[-56.274467675594224,-3.383244799402834],[-56.2744676750765,-3.382729844033821],[-56.274833900467584,-3.38261615114475],[-56.27705481757531,-3.381678310112625],[-56.27783420528036,-3.381890867610908],[-56.27809035458034,-3.382476350530468],[-56.2787124312038,-3.382732498622275],[-56.2793345067428,-3.382805683680649],[-56.28114584586904,-3.382055532776759],[-56.28246318350597,-3.381213900100931],[-56.282755925361705,-3.38062841699032],[-56.28275592498538,-3.38022589749854],[-56.28352437174814,-3.379274486379855],[-56.28358325751552,-3.379230962396497],[-56.2850344433178,-3.378880138193046],[-56.285097859197364,-3.37909152246827],[-56.28509785901396,-3.379457448516056],[-56.28634201122108,-3.379164707208239],[-56.28725682863224,-3.37865240872789],[-56.28730766155358,-3.378590874257827],[-56.289413763973684,-3.378526049278586],[-56.291744559271336,-3.37873609639091],[-56.292873715997686,-3.37852604755712],[-56.29585415076609,-3.377647224807871],[-56.29592930319331,-3.377664401163861],[-56.29699049293294,-3.37843284740668],[-56.29868290510779,-3.37835966099916],[-56.299734945944465,-3.378542623831954],[-56.30099282108735,-3.378474012167606],[-56.301495971130045,-3.378108085249421],[-56.301740394487865,-3.37793349651093],[-56.30191800438239,-3.378006690854226],[-56.30199912024673,-3.378108085006415],[-56.302685234079945,-3.378474011334236],[-56.30305197976301,-3.378474012966077],[-56.30497401391618,-3.379266096815517],[-56.30677759718478,-3.379559148837896],[-56.307122102296944,-3.379846235420321],[-56.308540070286114,-3.380212161041687],[-56.30864450848393,-3.380234149087638],[-56.3101353335436,-3.381136022081799],[-56.31128356411094,-3.381576145951863],[-56.314766405094645,-3.381996001020078],[-56.31540856762589,-3.382260158135188],[-56.315767134028846,-3.382499202108785],[-56.316727693198565,-3.383231055115344],[-56.31732232518524,-3.383642722909688],[-56.317694472387984,-3.383449207466808],[-56.31875660548252,-3.384036158627189],[-56.32011464670333,-3.385186058030537],[-56.32050258730733,-3.384759458712357],[-56.321713451801244,-3.385152169341439],[-56.32294845669471,-3.385426614805129],[-56.32321747220627,-3.385635849081615],[-56.32336012530893,-3.385746800652203],[-56.32386327422755,-3.385884023226493],[-56.32389276961484,-3.385836829563376],[-56.323978697416955,-3.385699345209699],[-56.32409197845609,-3.385518095432019],[-56.32437072493407,-3.384988477408275],[-56.32440375789267,-3.385024049623931],[-56.32443193089783,-3.384932486312341],[-56.32440192451645,-3.384929196948883],[-56.32440492396479,-3.384923498927106],[-56.32447659771599,-3.38478732015946],[-56.32454938717427,-3.384649019045872],[-56.32456394535373,-3.384503438698288],[-56.32456636942419,-3.384479201431687],[-56.3245951278227,-3.384191609871784],[-56.32427494188148,-3.383688459697987],[-56.32419800205123,-3.383567555985081],[-56.32395475450362,-3.383185311245318],[-56.32349734550147,-3.382590679689056],[-56.32349734545795,-3.382087530163638],[-56.32386327226796,-3.38158438086355],[-56.32418345748986,-3.380761044350005],[-56.3239916519838,-3.380377432281313],[-56.32451930924213,-3.379632560941153],[-56.324549384458315,-3.379617522948077],[-56.324685599980995,-3.37956303670722],[-56.32500679323663,-3.37943455867314],[-56.325464202721406,-3.37888566805139],[-56.32546420225307,-3.378428258843904],[-56.32528123840997,-3.378016590996704],[-56.32564716574543,-3.377604923284707],[-56.32568740673091,-3.377604922593881],[-56.32570451304842,-3.377604922509228],[-56.32551963327391,-3.376913629373248],[-56.32549268528465,-3.376812875188433],[-56.32489346818471,-3.374615749656697],[-56.323724506586345,-3.371732317394946],[-56.32228711910335,-3.368213203895408],[-56.322265332119585,-3.368133025190935],[-56.322220832095915,-3.368023260181763],[-56.321151777976375,-3.364103401328702],[-56.32116636089187,-3.364088820263268],[-56.321156372512505,-3.364052065021221],[-56.3215069393994,-3.363748240184561],[-56.321864479569406,-3.363390699368136],[-56.32291391358616,-3.361816547454437],[-56.32287835620352,-3.361709876103832],[-56.32188615873116,-3.360320801782663],[-56.32115637018015,-3.359302939209145],[-56.32115601652109,-3.359298604190408],[-56.321151775419395,-3.359292665527874],[-56.32083953966952,-3.356170326547617],[-56.32061724677298,-3.353947403538039],[-56.31954818834303,-3.344147755187113],[-56.31812278453364,-3.342009650973435],[-56.3173349985333,-3.341409433580037],[-56.317331916908564,-3.341320099584289],[-56.31729369733688,-3.340211742784174],[-56.31727014175664,-3.339528651860971],[-56.317184802026155,-3.337053815659652],[-56.31717431748883,-3.336749761945016],[-56.31689591544945,-3.328676241035156],[-56.31682764181248,-3.326696321777533],[-56.31669552452844,-3.322864994094692],[-56.316608934939694,-3.320353944670035],[-56.31658971156436,-3.319796468648786],[-56.31537597340913,-3.312514063194298],[-56.314011810131326,-3.304329107358081],[-56.313887788567996,-3.303584981004117],[-56.31359508926418,-3.301828791896393],[-56.31322858979758,-3.283504278554201],[-56.31322075418134,-3.283112460385795],[-56.31319892913885,-3.282956050956133],[-56.312122165517835,-3.275239272653819],[-56.31203481212194,-3.274613249724861],[-56.31101791756316,-3.267325527671201],[-56.310855696322804,-3.265791501434501],[-56.31049358842296,-3.262066979770965],[-56.3101891350457,-3.258935483364168],[-56.31001963226562,-3.257192030679104],[-56.3095959250142,-3.252833924418868],[-56.308494276763625,-3.241502738693512],[-56.30813061727728,-3.237826229922399],[-56.308030576766825,-3.236825838244365],[-56.30715775998397,-3.228097706133972],[-56.30707309851796,-3.227251098855746],[-56.30685717068581,-3.225091834003761],[-56.3051224494245,-3.212886499923802],[-56.30346117294492,-3.201197922723175],[-56.303453969251464,-3.201147234540826],[-56.304824840829404,-3.20131986252766],[-56.305921753255184,-3.201360488107623],[-56.30657938113196,-3.201384844740781],[-56.31164531667786,-3.201572469751774],[-56.311958298512444,-3.201584061207934],[-56.31217723575544,-3.201592170459767],[-56.31081495658012,-3.195968377487584],[-56.30947795068319,-3.185105244210128],[-56.307138196359915,-3.181762742752474],[-56.30663681884326,-3.177250364056081],[-56.307639568211066,-3.174242111574922],[-56.306971065635906,-3.169729733566342],[-56.30726098181141,-3.166395673859709],[-56.307305313097885,-3.164548854280571],[-56.30646968808656,-3.164214604229025],[-56.299951805552595,-3.163378980909515],[-56.299893926229394,-3.163282378641722],[-56.28349563864661,-3.16174696679025],[-56.28333683200003,-3.157767350103933],[-56.28325569599991,-3.156998310103798],[-56.283240189000026,-3.156637553103795],[-56.283198028,-3.155749323103865],[-56.283149245,-3.154818428103723],[-56.283071042000024,-3.153745210103758],[-56.283025193,-3.152521955103675],[-56.28300398700004,-3.151428703103751],[-56.28297825499993,-3.150182817103718],[-56.28298604999997,-3.149060480103607],[-56.282900302999906,-3.147522317103554],[-56.282741717000015,-3.14605950710341],[-56.28269184499998,-3.144616730103509],[-56.28274372900001,-3.143543595103433],[-56.28264926499991,-3.142457468103436],[-56.282705088,-3.141408222103392],[-56.2826257119999,-3.140736663103363],[-56.282503336,-3.139557246103216],[-56.28244147799994,-3.138457289103322],[-56.28245757099996,-3.137181060103157],[-56.28244407599998,-3.136074062103197],[-56.28244055599997,-3.135525131103178],[-56.28229412400003,-3.134671183103145],[-56.28225497999988,-3.133963583103139],[-56.282258164999966,-3.133205691103102],[-56.28226688299997,-3.132286113103063],[-56.282255901999974,-3.131584380102984],[-56.28222120099991,-3.130577126103049],[-56.282204856000014,-3.129469877103005],[-56.28221005299995,-3.128503443102993],[-56.28216169,-3.127523347102957],[-56.282090526999966,-3.126780459102922],[-56.28197385099996,-3.126078978102837],[-56.28195750599996,-3.125584613102872],[-56.281983071,-3.125236010102813],[-56.28195004699995,-3.124915737102846],[-56.28201056400002,-3.124545341102711],[-56.282019532999925,-3.123968415102734],[-56.28208197799995,-3.123292498102784],[-56.282149033,-3.122519184102635],[-56.282306109999915,-3.122032027102739],[-56.28211257200001,-3.121358625102746],[-56.28196312199997,-3.120965933102616],[-56.28192993,-3.120282976102711],[-56.281896150999955,-3.11917187110264],[-56.28190486799995,-3.118249945102543],[-56.281885589999945,-3.117321649102555],[-56.28179615499994,-3.116562668102572],[-56.28174577999993,-3.115590954102563],[-56.281831945999954,-3.114807749102503],[-56.28192909199993,-3.11437205810251],[-56.281936970999936,-3.113942234102443],[-56.28190469999993,-3.113232873102381],[-56.281863964,-3.112674052102427],[-56.281845608000026,-3.112265518102391],[-56.28173060799991,-3.111338898102363],[-56.28182498900002,-3.110518729102341],[-56.281823982999924,-3.109929481102378],[-56.28190327599992,-3.109511643102343],[-56.281916434999836,-3.108508665102307],[-56.28211609200001,-3.107337629102239],[-56.28227115699997,-3.106253430102242],[-56.28242454599995,-3.105360338102215],[-56.28290717599994,-3.104832949102221],[-56.28318361099996,-3.103969194102143],[-56.283763219999976,-3.103393357102084],[-56.28421081399989,-3.103351112102062],[-56.28498756400001,-3.103445325102149],[-56.286132784000024,-3.103244662102159],[-56.28713592999996,-3.103227814102049],[-56.28775090999994,-3.103271233102119],[-56.28831962200001,-3.103386316102146],[-56.28861877299999,-3.103359494102164],[-56.288828153,-3.103302330102117],[-56.28944690499997,-3.103181546102061],[-56.290200688999946,-3.103187917102161],[-56.291065617999955,-3.103234017102074],[-56.292425916999896,-3.103239801102152],[-56.29345638799998,-3.103246087102099],[-56.29408637199998,-3.103272406102104],[-56.294717360999925,-3.10312195110214],[-56.295358660999966,-3.103067804102067],[-56.296058633999955,-3.103111893102099],[-56.29645224799998,-3.103185486102109],[-56.29723872199991,-3.103264611102134],[-56.298026452999984,-3.103043161102159],[-56.298161149999935,-3.102159457102055],[-56.29833515899997,-3.101041730102059],[-56.29854009599995,-3.100098598101888],[-56.29859365599992,-3.09941865910196],[-56.298606984,-3.099154042101985],[-56.29886330199997,-3.098503103101964],[-56.299410975999976,-3.097819727101986],[-56.29951241359458,-3.097738700185922],[-56.29722617461557,-3.095494349357417],[-56.28910462776576,-3.085364364915681],[-56.283874640944624,-3.077574232821855],[-56.282535672618906,-3.075254168587883],[-56.28062449559514,-3.07191414392921],[-56.27936563615862,-3.069004228618663],[-56.278575987758,-3.066714205046987],[-56.277813041604475,-3.062634124233111],[-56.277534563028546,-3.053944192829911],[-56.27760322750629,-3.052804068440877],[-56.27821358175225,-3.050104200278603],[-56.27822502527715,-3.048674157215881],[-56.27864464367746,-3.046494044702006],[-56.2788735258336,-3.043944142880311],[-56.27930458846247,-3.041903982890608],[-56.27930458809213,-3.041074042929534],[-56.279163443214706,-3.040673974261547],[-56.27938469691087,-3.040323973626519],[-56.27941521420633,-3.039253944728503],[-56.27908333294193,-3.038164127134899],[-56.27809531926515,-3.03640411126384],[-56.27770621714587,-3.035243959800299],[-56.277362891200774,-3.03299399057185],[-56.27748496147773,-3.031164117144193],[-56.27783591524166,-3.02976411484372],[-56.278743818011776,-3.027584002107006],[-56.27943428218463,-3.026604095664856],[-56.280883875936176,-3.025583895904901],[-56.284145462336134,-3.024324083249101],[-56.28580486571229,-3.023163930865783],[-56.28623592860407,-3.021703846694374],[-56.28666317583985,-3.018133984091251],[-56.28645336551051,-3.016683913845502],[-56.28587352718301,-3.0152238301257],[-56.284523114816466,-3.013133841153041],[-56.28251275547398,-3.01072389285557],[-56.28131493247066,-3.009763776115435],[-56.280334548871885,-3.009423789656004],[-56.2798538936954,-3.008843952469646],[-56.27947623615198,-3.008603863714315],[-56.277774870361945,-3.00869398722738],[-56.27683263357694,-3.007443951671355],[-56.275604293122576,-3.007213876934596],[-56.27486423669666,-3.006223957490299],[-56.27483371857546,-3.005433833676231],[-56.27492527120602,-3.003873851678442],[-56.27470425459495,-3.001620721423477],[-56.16626028114513,-3.002185554326337],[-56.16652763055027,-2.918177213358984],[-56.1665275774497,-2.918177224445948],[-56.165726645490736,-2.918355209842333],[-56.164036249233284,-2.919834306418701],[-56.16276845271408,-2.920468206175259],[-56.160021556759766,-2.919939958577497],[-56.15801421108199,-2.919306060458554],[-56.15590121606527,-2.920468208983604],[-56.15484471871094,-2.920996457904039],[-56.15451645517522,-2.920701021165143],[-56.15378822025103,-2.920045610717061],[-56.15378783104625,-2.920046048572718],[-56.152943022060875,-2.920996459224107],[-56.15178087438109,-2.921313408902911],[-56.151033556283615,-2.921177533093987],[-56.150618726893136,-2.921102109684228],[-56.15061813652715,-2.921102621334601],[-56.14960049436162,-2.921984577597585],[-56.14903398055793,-2.922475556579116],[-56.14835583991293,-2.923153697441522],[-56.14839638372018,-2.923437503461003],[-56.14839638334882,-2.923547443429573],[-56.148395539523555,-2.923547654387257],[-56.148353587443445,-2.923558142473712],[-56.1479566228529,-2.923657384250137],[-56.147860388576994,-2.923792112470998],[-56.147773389027634,-2.923913912052336],[-56.14763251516534,-2.924442188626815],[-56.14762687802448,-2.924463327888641],[-56.14762680205484,-2.924463612774436],[-56.147626802616465,-2.924756786386575],[-56.14762431510014,-2.924779173981739],[-56.14759015569222,-2.925086607941699],[-56.147370275684935,-2.925196548196816],[-56.14719030852411,-2.925196548218427],[-56.147190026871094,-2.925196548218417],[-56.1471936629734,-2.92521109105575],[-56.14719376990621,-2.925211518740729],[-56.14672052722716,-2.925474432385879],[-56.14619470257709,-2.925421849288095],[-56.14576782480822,-2.925021652417734],[-56.14542666426439,-2.924701815237547],[-56.145426185684755,-2.924702054527978],[-56.14518840297176,-2.924820946206851],[-56.145019289798434,-2.924905503022735],[-56.144890745803416,-2.925226862380783],[-56.144880295993445,-2.925252986854491],[-56.144880139557074,-2.925253377944762],[-56.14488013964848,-2.925895092418309],[-56.14477497471365,-2.92694674232262],[-56.14466683516923,-2.92719906782479],[-56.14445947960547,-2.92768289727945],[-56.14398623711344,-2.928050975055724],[-56.14330278719091,-2.928208694411356],[-56.14330266501707,-2.928208722605217],[-56.14329442651803,-2.928291106757787],[-56.143250081974365,-2.928734547686026],[-56.14325008293759,-2.929470702437747],[-56.142882006495036,-2.930364604555966],[-56.14230359807004,-2.930785265698325],[-56.141143701323315,-2.93073483567275],[-56.14109420036596,-2.930732683468637],[-56.14001012983027,-2.930597174656218],[-56.140009938912954,-2.930597432394856],[-56.13941662263642,-2.931398410077504],[-56.138516616283475,-2.931687698133318],[-56.137423751929475,-2.932009129428248],[-56.13588088316994,-2.932619848682965],[-56.134980877567436,-2.932651991522557],[-56.13398444037802,-2.932201989460285],[-56.13314872071031,-2.93223413260299],[-56.132634431577564,-2.932266275424639],[-56.132152285087734,-2.932394847791268],[-56.131573710247096,-2.932426992235712],[-56.12958083794175,-2.932459135516006],[-56.12943610562116,-2.932451094920627],[-56.12908794550378,-2.932431752906153],[-56.12908736619584,-2.932431720722699],[-56.1291014559792,-2.932420243982728],[-56.12913925143459,-2.932389457943608],[-56.12913734781255,-2.932389669457941],[-56.12619204227327,-2.932716926903258],[-56.12291317330358,-2.933675366719855],[-56.12087069431061,-2.934272399784955],[-56.120006125674585,-2.934645736615037],[-56.11726855105564,-2.935827872292569],[-56.11473067734908,-2.93779267751864],[-56.11268400607896,-2.939675616894994],[-56.111128536352226,-2.940576153816712],[-56.11112849455321,-2.94057618328911],[-56.109491197162114,-2.94180415675809],[-56.10841871190173,-2.942541491160517],[-56.10818132768025,-2.942704692986815],[-56.10588905473407,-2.943687096278661],[-56.10577032645904,-2.943716778323227],[-56.10490665173217,-2.943932696828874],[-56.10312588288753,-2.94406401196664],[-56.102077986050865,-2.944734666421827],[-56.10090434335501,-2.945489152196539],[-56.09914387728372,-2.946285553565527],[-56.09796751814309,-2.946579643737373],[-56.09713191646648,-2.94678854443129],[-56.09707746299557,-2.94682393917361],[-56.09629359931308,-2.947333450370284],[-56.09411397493448,-2.94775261000318],[-56.092605005270045,-2.948842422246114],[-56.090928370423455,-2.949743612968353],[-56.09025771808813,-2.949911276735097],[-56.08972365075508,-2.950108038050988],[-56.08946131635838,-2.950204688412319],[-56.08888137811358,-2.950377103442571],[-56.087910430043394,-2.950665763183562],[-56.0872397763215,-2.95112683800465],[-56.08614996438586,-2.951504080636536],[-56.085269731654364,-2.951504081372661],[-56.08464099365006,-2.950959176115473],[-56.083593096486595,-2.951001091826184],[-56.08275477905875,-2.951084923937232],[-56.08205721637511,-2.951716052272392],[-56.08187454713379,-2.951881324493717],[-56.08116197709029,-2.952090904510542],[-56.08032365993313,-2.951881326431801],[-56.0803230127674,-2.951881596083853],[-56.080008485192934,-2.952012649061143],[-56.07982067034027,-2.952090905143114],[-56.079702320568224,-2.952136930004891],[-56.079066185073195,-2.952384315763433],[-56.078504718906565,-2.952063479082937],[-56.07847936273998,-2.952048989895726],[-56.07751529761423,-2.951671748153623],[-56.077515157232206,-2.951671799873232],[-56.07707833805194,-2.951832733102704],[-56.0767188974189,-2.951965158473516],[-56.07626082958445,-2.952462489409566],[-56.075251842643596,-2.953557961263503],[-56.07424586258174,-2.954534600937158],[-56.07380993845881,-2.955842375354726],[-56.07266982619006,-2.956513029746408],[-56.071932107752225,-2.956513029771025],[-56.07109379044272,-2.957183683643439],[-56.07062433406043,-2.957653140384193],[-56.069987212359074,-2.958223196695421],[-56.06975248449487,-2.958927382903346],[-56.06945069042524,-2.959732166887699],[-56.069081831528294,-2.96033575472643],[-56.06864590632199,-2.96057048420186],[-56.068480126127774,-2.960446148311908],[-56.06844471107087,-2.960419586860207],[-56.06844449907874,-2.960419596077192],[-56.06767345886776,-2.96045311933015],[-56.06683514125057,-2.960721381424318],[-56.06672504591778,-2.961004483604587],[-56.06660041260136,-2.961324969157582],[-56.066548110503675,-2.961370297689307],[-56.06559443278047,-2.962196819240489],[-56.06548258283794,-2.962291892162404],[-56.06530653783693,-2.962441529943308],[-56.06495728981081,-2.962738391775567],[-56.064923779868074,-2.962766875323703],[-56.06499084487764,-2.96326986503385],[-56.064990968536556,-2.963269962194705],[-56.06515410272457,-2.963398139549942],[-56.06537420255398,-2.963571074649618],[-56.065417069546065,-2.963604755782062],[-56.06546009518672,-2.963638561566523],[-56.065460302234946,-2.963638724246883],[-56.0651249756977,-2.964409975603528],[-56.064850802155995,-2.964897397151738],[-56.064823182706164,-2.96494649858915],[-56.06464332406368,-2.965033527003478],[-56.06378366957995,-2.965449489036648],[-56.06304595057946,-2.966120143295252],[-56.06220763404591,-2.966455470005759],[-56.06170058724086,-2.967230953103114],[-56.061637576660296,-2.967327317568426],[-56.06056453287685,-2.967997973721876],[-56.06025164395578,-2.969014863600591],[-56.06025020224927,-2.969019548914937],[-56.06023720822611,-2.969061781118289],[-56.060229206352005,-2.969087785654757],[-56.06006154323354,-2.969758438655723],[-56.05983492061541,-2.96994309315247],[-56.059156160269985,-2.970496158022555],[-56.059107297043454,-2.970607846074335],[-56.05892143266516,-2.97103268151352],[-56.05855766436081,-2.9712476356758],[-56.05818371371578,-2.971468606680331],[-56.05815018138055,-2.972306922370202],[-56.05747986320404,-2.972843175584722],[-56.0574797454426,-2.972843272260724],[-56.05747952786959,-2.972843446319519],[-56.057471861589185,-2.972850260787019],[-56.05687593930247,-2.97337996917298],[-56.0568759400179,-2.974754808546095],[-56.056641211413584,-2.976230245611287],[-56.05633470048132,-2.976498443332651],[-56.05610468961389,-2.976699703333601],[-56.05560169879317,-2.976867367022231],[-56.05560163121737,-2.976867506679058],[-56.055098708560756,-2.977906880152182],[-56.05452865404811,-2.978510468250134],[-56.05415979357929,-2.978443402351664],[-56.054159774202496,-2.97844325702241],[-56.05412626172876,-2.978191907711897],[-56.05412507862439,-2.978193175323947],[-56.053656804432414,-2.978694897666292],[-56.05375740231522,-2.979231420355386],[-56.05385800106671,-2.979868541418792],[-56.05352267366567,-2.980270933178412],[-56.05308674923589,-2.981243381971858],[-56.05231549785515,-2.982584688201825],[-56.0525646386419,-2.98355052030644],[-56.05256463846603,-2.984123242120567],[-56.052564638807205,-2.984179258329483],[-56.05258978862037,-2.984211267422536],[-56.05268329599482,-2.984330276345456],[-56.05314098172652,-2.984912785007217],[-56.05335056174162,-2.985436733198018],[-56.05408408934131,-2.985489127248505],[-56.054450853380445,-2.98569870606986],[-56.05492240636448,-2.985541521794457],[-56.055446354286055,-2.985122363163733],[-56.05607509179958,-2.985122362782187],[-56.056130099468135,-2.985077357177471],[-56.05665143466371,-2.984650809934631],[-56.05701819896251,-2.984860388570492],[-56.05707059416783,-2.985227151642791],[-56.056986573617216,-2.985591239883494],[-56.056913409635,-2.985908284442979],[-56.0572801732826,-2.986222652895139],[-56.0574897527128,-2.986013073856491],[-56.057593535031685,-2.985955416841136],[-56.05796130558234,-2.985751099911434],[-56.05838046493464,-2.986170257680659],[-56.05848767968814,-2.986491902546626],[-56.05859004452077,-2.986798995563663],[-56.05899950128598,-2.98679899521299],[-56.05900920334932,-2.986798995389681],[-56.05900920281942,-2.98648462665958],[-56.05937596681738,-2.986432231067398],[-56.060109493816874,-2.98690378422419],[-56.060480881178705,-2.987687821352728],[-56.06058104800631,-2.98789928483331],[-56.06063344353288,-2.98905197094921],[-56.061000207925076,-2.990204655786844],[-56.061366971944665,-2.991697907017971],[-56.06204810474145,-2.992588618411479],[-56.06299121216601,-2.992745802951942],[-56.06441122370984,-2.993050089997368],[-56.06445826715685,-2.993060171078162],[-56.06446475966607,-2.993170544795972],[-56.0645106621481,-2.993950882577851],[-56.06482503170679,-2.994370040726982],[-56.0649731779489,-2.994314485673832],[-56.06524418956427,-2.994212855758849],[-56.065715743014934,-2.994003276400008],[-56.06580245845146,-2.994393493891771],[-56.06582053274649,-2.994474830000502],[-56.066501666061185,-2.99515596199155],[-56.06713040397585,-2.994998777362637],[-56.067444773060345,-2.99604667232517],[-56.06807351065554,-2.996308646376325],[-56.06885943326342,-2.996623015138802],[-56.06964535620877,-2.996832594048767],[-56.06995972471959,-2.996518224564847],[-56.07037888330238,-2.995941882266608],[-56.07163635890538,-2.995575117907199],[-56.07257946479284,-2.99520835389052],[-56.07373215129462,-2.994579615647983],[-56.07373924967083,-2.994566600828356],[-56.07404651983995,-2.994003272932103],[-56.07457046760073,-2.993426929568047],[-56.07519920562209,-2.993269744718589],[-56.07593273286261,-2.99337453445836],[-56.07666626027378,-2.993479323596367],[-56.0768386803822,-2.993439534548755],[-56.07734739309649,-2.993322138758617],[-56.07741261290209,-2.993230831174458],[-56.07787134065535,-2.992588611677808],[-56.07933839599616,-2.992431426990548],[-56.07973725670445,-2.992687836338851],[-56.080071923085384,-2.992902979691673],[-56.079914739419564,-2.993426927572482],[-56.08001952880022,-2.993793691263475],[-56.08033389819275,-2.993846085629557],[-56.08070066128573,-2.993636506568357],[-56.08127700502832,-2.9938984798515],[-56.08164376821941,-2.994265243317151],[-56.08143418958542,-2.994998770462649],[-56.081434190307164,-2.995522718938447],[-56.081538979852496,-2.995784692526951],[-56.08180095328891,-2.995365533938227],[-56.08227250724417,-2.995051164755621],[-56.08321561363505,-2.99541792802596],[-56.08379195667065,-2.995889480822704],[-56.084142253641744,-2.996130309786508],[-56.08463027428144,-2.996465823298762],[-56.08520661716516,-2.996623007726988],[-56.08619017632657,-2.996816737939281],[-56.08693564672433,-2.996963573221993],[-56.087878753815346,-2.996963572242067],[-56.08876946557443,-2.996963572163231],[-56.08971257164403,-2.99643962423095],[-56.089998124778624,-2.996330841294077],[-56.09081286332696,-2.996020464818328],[-56.091546389989226,-2.995810885127058],[-56.09217512792753,-2.995863280138325],[-56.092961050309036,-2.996072858391297],[-56.09332781492879,-2.996544411825643],[-56.09395655253502,-2.996858780367506],[-56.09463768551375,-2.997068358861262],[-56.094540482565776,-2.997910788849429],[-56.09448050108881,-2.998430624349043],[-56.09418522836718,-2.998898139879095],[-56.09406411653077,-2.999089900804258],[-56.09390332061338,-2.999344493961923],[-56.09385176449564,-2.999426125024099],[-56.093589790069636,-2.999845283870339],[-56.09353739528773,-3.000107257357844],[-56.09406134347433,-3.000421626763732],[-56.09442810795968,-3.000474021268621],[-56.09526642513385,-3.000893178513478],[-56.0956855835715,-3.001626705954667],[-56.0962095321911,-3.001888679545269],[-56.097309823477815,-3.002307837776351],[-56.097833771629894,-3.002988969480539],[-56.09778137732303,-3.003774891777828],[-56.09809574653077,-3.004717997478032],[-56.09893406395644,-3.00503236589015],[-56.100243934577406,-3.004822786433229],[-56.1012918310742,-3.004456022462116],[-56.101868173825665,-3.003932073842631],[-56.10244451671638,-3.003827284001531],[-56.10296846479111,-3.004141652930737],[-56.10323043930618,-3.004822785351619],[-56.10344001908556,-3.005032363912936],[-56.10296846539001,-3.00581828614194],[-56.10244451743261,-3.006656602901438],[-56.1023232826966,-3.007343606621926],[-56.1017904427884,-3.007450174057322],[-56.10184605912689,-3.007686544936129],[-56.10179230904367,-3.007901547776422],[-56.10183637628007,-3.008099849433055],[-56.102402833698186,-3.008508956533755],[-56.102749002158774,-3.008823655422524],[-56.10300076057326,-3.009421581700848],[-56.10344133895416,-3.009988038338297],[-56.10363015875072,-3.010869193472101],[-56.10407073623952,-3.011058012450864],[-56.10457425350359,-3.011089481975356],[-56.105581289458016,-3.011341240277928],[-56.105486880117446,-3.011813287380512],[-56.10548687961283,-3.012002106610947],[-56.105612759562234,-3.0123482743482],[-56.10545541054864,-3.013323839257956],[-56.10463719505139,-3.014614102802117],[-56.103756040399745,-3.015747016872529],[-56.10293782408417,-3.016344944059318],[-56.10274900581015,-3.016848462075368],[-56.10266008037229,-3.017070774157889],[-56.102830468247475,-3.018093097592099],[-56.10353361532487,-3.020132219776405],[-56.10416644691901,-3.021186937660483],[-56.10486959354142,-3.023929204400298],[-56.10592431288212,-3.02505423680594],[-56.106307104582584,-3.026257294510231],[-56.106416515791636,-3.02660115593425],[-56.10660031216896,-3.026922798942655],[-56.10696596936264,-3.027044684297663],[-56.10762683644315,-3.0272964426257],[-56.108035944185026,-3.027485261799252],[-56.10853946241672,-3.028429355982434],[-56.1086653419976,-3.029562270199172],[-56.10872828181897,-3.03003431746589],[-56.10882269130776,-3.030380485670995],[-56.108791221830025,-3.030632244066573],[-56.1080988850598,-3.030884003424258],[-56.10743801853625,-3.031167231875717],[-56.106745682081616,-3.031261641508062],[-56.106179224759785,-3.031230172471219],[-56.105266599022734,-3.031293112218113],[-56.104007805723256,-3.03179663007948],[-56.103441348874576,-3.0319854494748],[-56.102874891571446,-3.031891040478801],[-56.10221402415766,-3.031513402720071],[-56.10180491664908,-3.03173369168802],[-56.10082935181946,-3.032898076057223],[-56.100074076360556,-3.033621881765893],[-56.09968714480482,-3.033839530741484],[-56.09973663415814,-3.034581860561565],[-56.10022883651506,-3.035847521836541],[-56.1009319824775,-3.036831925086851],[-56.1007913536289,-3.036972554039945],[-56.099736635150926,-3.036761611152716],[-56.098681916394526,-3.037675700802362],[-56.09868191746466,-3.039222620783275],[-56.09882254742126,-3.040699226214691],[-56.09874104766299,-3.04073544822296],[-56.09877689598181,-3.040870406283144],[-56.09856731605107,-3.041079985318339],[-56.09736223537618,-3.041603933264415],[-56.09636673437677,-3.042127882088998],[-56.095996420883864,-3.042717017012361],[-56.09586933639752,-3.044496213262504],[-56.095447449757614,-3.04681659369965],[-56.09534651712995,-3.047396958602782],[-56.09615715811286,-3.048860613262484],[-56.0962095534576,-3.050065693303737],[-56.096209553745496,-3.051218379001997],[-56.09668110803853,-3.052266274525269],[-56.09730984628465,-3.052737827464624],[-56.09762421525778,-3.053104590662013],[-56.09783379471646,-3.053628538532258],[-56.09814816365367,-3.05415248697256],[-56.09846253295324,-3.054676434441363],[-56.098462532754795,-3.055200382128025],[-56.098724507875374,-3.055986304119586],[-56.09903887635272,-3.056510252457525],[-56.09868145484666,-3.056822996250103],[-56.09824883535584,-3.056736473165291],[-56.09793413691069,-3.05642177495633],[-56.09768237778308,-3.056295895806097],[-56.09702151079881,-3.056295895710436],[-56.096517994081694,-3.056736473270465],[-56.09645505409107,-3.057271460948193],[-56.096234765803096,-3.058656133310462],[-56.09588859800805,-3.059254059716173],[-56.09629770662054,-3.060796081419413],[-56.09654946599011,-3.061771646652786],[-56.09673828517862,-3.063030439319906],[-56.09702151408226,-3.063093378606533],[-56.09752503224667,-3.063282197514166],[-56.09736768307197,-3.064068943124245],[-56.09636064819688,-3.064934364257335],[-56.09607741963111,-3.065626700399609],[-56.09566831322184,-3.06789252838434],[-56.09536437013707,-3.069966498570587],[-56.09537714575282,-3.070618067573311],[-56.09593966332271,-3.072305616021944],[-56.09597717653752,-3.072383526777231],[-56.09685375386738,-3.074204108459679],[-56.097181530350994,-3.074903364142],[-56.0975565068394,-3.07500470950656],[-56.09821737391189,-3.075350876736311],[-56.09878383155876,-3.07654673037189],[-56.09884677191514,-3.077490825385264],[-56.09872089267423,-3.078025812101322],[-56.098437664071234,-3.078246100676103],[-56.09872089273251,-3.079253135571316],[-56.09963351908964,-3.079851061689963],[-56.10054614435006,-3.08029163877711],[-56.10104966195047,-3.080260168832504],[-56.10101819281527,-3.080543397760192],[-56.10064055430342,-3.08095250529323],[-56.100357326254866,-3.081267203487409],[-56.10048320577607,-3.081833660803005],[-56.09997968795756,-3.08240011795616],[-56.09960205055529,-3.082651876940192],[-56.09944470126391,-3.083092454725999],[-56.0994447016119,-3.083533031594468],[-56.09941323188621,-3.084193898229313],[-56.099633520914956,-3.084540066340911],[-56.10026291762663,-3.08480755930121],[-56.100640556161245,-3.084839029553788],[-56.10064055657085,-3.085122258262971],[-56.099664991603056,-3.085720184859663],[-56.09945060483479,-3.085816659272378],[-56.09903559439421,-3.086003413641023],[-56.09887824540739,-3.086506930880423],[-56.09922441426415,-3.087702784256914],[-56.09947617371858,-3.088080421910429],[-56.09958120745421,-3.08808042224835],[-56.100262919474005,-3.088080422327888],[-56.101301425013844,-3.08889863736385],[-56.10227699005656,-3.089811261277478],[-56.10284344774062,-3.090377718727725],[-56.102717568862886,-3.091258873642902],[-56.10296932804466,-3.091479162088585],[-56.10328402659296,-3.092045618776119],[-56.103284027027826,-3.092659280941921],[-56.10331549682695,-3.093068388282124],[-56.10388195398617,-3.093351617185199],[-56.10473164010415,-3.09360337473429],[-56.105361036710505,-3.094138361938163],[-56.105423977145456,-3.094736288756115],[-56.10523515839627,-3.095176866258955],[-56.10523515868652,-3.095680383387552],[-56.105518387626375,-3.096089490773921],[-56.10574389430264,-3.096403590288213],[-56.1059589657404,-3.096703152343137],[-56.1064624832041,-3.097301079031004],[-56.10658024876619,-3.097347025662295],[-56.10737441855953,-3.097656871441128],[-56.10750098857551,-3.097706252869781],[-56.10789436161764,-3.097706252806967],[-56.107894361587455,-3.098296311647672],[-56.10844508398009,-3.098847034049866],[-56.10891713210612,-3.099397755195817],[-56.109012309143566,-3.099968817732849],[-56.109069164865105,-3.100309948872731],[-56.109074481368744,-3.10034184990546],[-56.1090744821409,-3.100795964297282],[-56.10907448236247,-3.101128595959218],[-56.10907448172219,-3.101179670998079],[-56.10907448208156,-3.101537729706023],[-56.10907448230523,-3.101797329911615],[-56.10899580766737,-3.102230040366471],[-56.10868110940987,-3.103056122873109],[-56.10857682678238,-3.103306403164474],[-56.10828773709807,-3.104000218395704],[-56.10816972511942,-3.104511602786295],[-56.10860243621328,-3.104629614732043],[-56.10885552080083,-3.105063472881227],[-56.10887779698055,-3.105101662216274],[-56.10828773782595,-3.105888408142448],[-56.10785502793112,-3.106203106779657],[-56.10769767857465,-3.106557142387924],[-56.10801237723752,-3.106793165778922],[-56.10805171507598,-3.107186538343268],[-56.10824840176719,-3.108209308357057],[-56.107619005324686,-3.108897710530531],[-56.10773701704631,-3.109448432285315],[-56.108327076668,-3.10948776989765],[-56.10872045005583,-3.109664787090467],[-56.10938918423187,-3.109350088878373],[-56.10974322019213,-3.109468100341925],[-56.10942852207962,-3.109861473878416],[-56.10907448654598,-3.110176171496766],[-56.108995812077524,-3.11060888249607],[-56.10883846267096,-3.111238278913672],[-56.10946785976717,-3.111316953277198],[-56.10970388396832,-3.111710326060525],[-56.109231835829455,-3.112221711132407],[-56.10879912584374,-3.112457734684487],[-56.10856310270902,-3.113323155041031],[-56.109040980296314,-3.114703688411846],[-56.10927117489069,-3.115368693425114],[-56.11056930709651,-3.116824172748681],[-56.11135605365473,-3.117768266888613],[-56.11273285946248,-3.119223746172572],[-56.11327255953369,-3.119138530401284],[-56.11389297548112,-3.119914048373629],[-56.11583322045364,-3.120382382156786],[-56.11593209836883,-3.120406249529996],[-56.11614304204193,-3.120828137010959],[-56.11610244797135,-3.120882261591761],[-56.11639964337365,-3.121191839057925],[-56.11675591419932,-3.1216738526619],[-56.11679782914387,-3.122113952230666],[-56.116651129162946,-3.122700751546862],[-56.116399644268135,-3.12309893716284],[-56.116378686477624,-3.123371378963729],[-56.116504429540804,-3.123685736264156],[-56.11650442976515,-3.124021049901994],[-56.11673455585919,-3.124308706776438],[-56.11705713347641,-3.124308705757082],[-56.11761965053027,-3.125785311522803],[-56.11853373993449,-3.125714996618945],[-56.118814998300586,-3.126242355075738],[-56.118987495246024,-3.126776502385713],[-56.11934153079675,-3.127287886771394],[-56.12154442054027,-3.128015625815807],[-56.12276387719947,-3.128645021486138],[-56.123361388349274,-3.128910581970787],[-56.123385447260254,-3.129054934671381],[-56.123121768365884,-3.13072490568896],[-56.12395835155422,-3.131754544725994],[-56.12426438089653,-3.132131196404031],[-56.12514331414536,-3.132482768658456],[-56.12536068680806,-3.132863169859661],[-56.125360686742965,-3.133548809821546],[-56.12582164550764,-3.134273171176627],[-56.12648015640758,-3.134470724385154],[-56.12740207264709,-3.135260937439966],[-56.12786303100142,-3.135260936895357],[-56.12829106348146,-3.135359713089478],[-56.12852079653903,-3.135756524196993],[-56.12865324452345,-3.135985299160891],[-56.12868617098826,-3.13657795882248],[-56.129081277457715,-3.137565725362097],[-56.1287520225793,-3.138520565843235],[-56.12815936289077,-3.139343705412047],[-56.12838984234355,-3.14016684431226],[-56.12796181053284,-3.141072296994881],[-56.12819228936423,-3.141566179780851],[-56.12891665237895,-3.142323467054275],[-56.129278833506184,-3.142323466949559],[-56.129344684241744,-3.141796658164415],[-56.12941053497393,-3.141467402500953],[-56.12983856779408,-3.141467402861561],[-56.13036537674798,-3.142224689648454],[-56.13043122898381,-3.142916126649233],[-56.13043122902786,-3.143344158295919],[-56.13102388903735,-3.143377083650698],[-56.13181410302485,-3.143936818001585],[-56.1321454558934,-3.144378621938131],[-56.13235670106896,-3.144660281807266],[-56.13270309379767,-3.145122136871571],[-56.13399880022723,-3.147923550871075],[-56.13427872389343,-3.148528763683608],[-56.1348280573435,-3.148968229411637],[-56.13559712337616,-3.149737294728974],[-56.13625632262244,-3.151165557913294],[-56.13669578953153,-3.152374089405246],[-56.13625632435724,-3.153912219916032],[-56.13636619175456,-3.155560217284732],[-56.137464858220994,-3.157757546278335],[-56.138453658568714,-3.159845008486375],[-56.13977205682578,-3.161053539836567],[-56.14087072220685,-3.162811402772078],[-56.14295818806658,-3.165667929883552],[-56.14361738815245,-3.167096194405407],[-56.144386455095734,-3.169513255670943],[-56.144056857048994,-3.174127648441247],[-56.144716060007404,-3.180499903650388],[-56.1449357940275,-3.18324656499562],[-56.144386462854975,-3.184894562976273],[-56.14449632982637,-3.187751091290979],[-56.14471606373024,-3.188520156553106],[-56.145594995160316,-3.188300422882819],[-56.14603446239187,-3.189069488014406],[-56.14610056436397,-3.189045135091996],[-56.14612419392113,-3.18921054387465],[-56.14612419460633,-3.190107337913624],[-56.14660708465386,-3.190521243180461],[-56.14791778490786,-3.191831942236129],[-56.14971137469938,-3.193211624348331],[-56.15564401869336,-3.197350672126734],[-56.159852057012344,-3.200592925838015],[-56.164474000602816,-3.203731703809746],[-56.165439780173195,-3.204283577522976],[-56.1694408655369,-3.207042941979275],[-56.173786871471414,-3.208353639798533],[-56.17447671420496,-3.210009259401995],[-56.17620132138637,-3.212561672852636],[-56.177098116277435,-3.213803388195102],[-56.17896069229101,-3.219184152346146],[-56.17978850400742,-3.221046724413335],[-56.18206498400059,-3.22235742276875],[-56.18503130582439,-3.223461168957776],[-56.185566354236244,-3.22399621799343]]]}},{"type":"Feature","properties":{"OBJECTID":0.0,"NOME_":"MCS Agroflorestal e Conºstrução Civil Ltda - UMF V","CATEGORIA":"CONCESSÃO FLORESTAL","MUNICIPIO_":"Sanºtarém/ Juruti/ Aveiro","CAT_UC":"Uso Sustenºtável","DATA_DE_CR":"01/11/2023","APTAS_PARA":"Sim","CAT_TERRIT":"ÁÁreas estaduais destinºadas a produção florestal","AREA_HA":53668.27,"DESTINACAO":"Floresta Destinºada","ORGAO_GEST":"IDEFLOR-Bio","PASSIVEIS":"Sim","ESTAGIO":"Idenºtificação/Delimitação/Demarcação","AREA_DECRE":53668.27,"TIPO_FLORE":"TIPO A","OBS":"Conºjunºto de Glebas Mamuru-Arapiunºs","SITUACAO":"Conºtrato de Conºcessão Processo nº° 2015/451348 (Anºexo: 2023/362687)"},"geometry":{"type":"Polygon","coordinates":[[[-56.46236548175017,-3.113024343360109],[-56.45975621481534,-3.118384502461765],[-56.419810792869896,-3.117516091743937],[-56.41800746722515,-3.146756590045641],[-56.39226464012444,-3.165887966846356],[-56.366859575304375,-3.067414808576984],[-56.3536271633443,-3.016124351085011],[-56.35320727970691,-3.014496830424548],[-56.35290755759826,-3.013335070639471],[-56.349784486931185,-3.001229664325308],[-56.34955304888871,-3.001230869775611],[-56.27470425459495,-3.001620721423478],[-56.27492527120603,-3.003873851678463],[-56.27483371857545,-3.00543383367625],[-56.27486423669666,-3.006223957490306],[-56.27560429312257,-3.0072138769346],[-56.27683263357693,-3.007443951671348],[-56.27777487036195,-3.008693987227389],[-56.27947623615199,-3.008603863714313],[-56.27985389369542,-3.008843952469647],[-56.280334548871906,-3.009423789656012],[-56.28131493247065,-3.009763776115449],[-56.28251275547399,-3.010723892855594],[-56.284523114816466,-3.013133841153035],[-56.285873527183014,-3.015223830125706],[-56.28645336551051,-3.016683913845498],[-56.28666317583986,-3.018133984091264],[-56.28623592860407,-3.021703846694379],[-56.285804865712294,-3.023163930865792],[-56.28414546233614,-3.024324083249098],[-56.28088387593618,-3.025583895904902],[-56.27943428218464,-3.026604095664879],[-56.278743818011776,-3.027584002107005],[-56.27783591524167,-3.029764114843715],[-56.27748496147774,-3.031164117144215],[-56.27736289120077,-3.032993990571867],[-56.27770621714586,-3.035243959800312],[-56.27809531926516,-3.036404111263835],[-56.27908333294192,-3.038164127134905],[-56.279415214206324,-3.0392539447285],[-56.27938469691088,-3.040323973626528],[-56.27916344321471,-3.040673974261551],[-56.279304588092145,-3.041074042929552],[-56.27930458846248,-3.041903982890631],[-56.2788735258336,-3.043944142880321],[-56.27864464367747,-3.046494044702001],[-56.27822502527715,-3.048674157215885],[-56.278213581752254,-3.050104200278611],[-56.27760322750629,-3.052804068440878],[-56.27753456302855,-3.053944192829931],[-56.277813041604475,-3.062634124233114],[-56.27857598775802,-3.066714205046992],[-56.279365636158616,-3.069004228618667],[-56.280624495595134,-3.071914143929234],[-56.282535672618906,-3.07525416858789],[-56.283874640944646,-3.07757423282186],[-56.28910462776577,-3.085364364915677],[-56.29722617461556,-3.095494349357409],[-56.299512413594584,-3.097738700185914],[-56.299410976,-3.097819727101978],[-56.29886330199997,-3.098503103101962],[-56.298606984,-3.099154042101986],[-56.29859365599992,-3.099418659101957],[-56.298540095999954,-3.100098598101908],[-56.298335158999976,-3.101041730102054],[-56.29816114999994,-3.102159457102061],[-56.29802645299998,-3.103043161102164],[-56.29723872199992,-3.103264611102134],[-56.29645224799998,-3.10318548610212],[-56.29605863399996,-3.103111893102096],[-56.295358660999966,-3.103067804102068],[-56.294717360999925,-3.103121951102139],[-56.29408637199998,-3.103272406102121],[-56.29345638799998,-3.103246087102093],[-56.29242591699989,-3.103239801102177],[-56.29106561799995,-3.103234017102068],[-56.29020068899996,-3.103187917102161],[-56.28944690499998,-3.103181546102064],[-56.288828153,-3.10330233010211],[-56.288618773,-3.103359494102165],[-56.28831962200002,-3.10338631610216],[-56.28775090999994,-3.103271233102134],[-56.28713592999998,-3.10322781410207],[-56.28613278400002,-3.103244662102156],[-56.284987564,-3.103445325102143],[-56.28421081399989,-3.103351112102075],[-56.28376321999997,-3.103393357102107],[-56.28318361099997,-3.103969194102149],[-56.282907175999924,-3.104832949102217],[-56.28242454599996,-3.10536033810223],[-56.28227115699997,-3.106253430102242],[-56.282116092000024,-3.107337629102233],[-56.28191643499986,-3.108508665102306],[-56.28190327599992,-3.109511643102337],[-56.281823982999924,-3.10992948110237],[-56.28182498900003,-3.110518729102353],[-56.28173060799992,-3.11133889810236],[-56.281845608000026,-3.11226551810239],[-56.281863964000024,-3.11267405210242],[-56.28190469999993,-3.11323287310239],[-56.281936970999936,-3.113942234102467],[-56.28192909199993,-3.114372058102504],[-56.281831945999954,-3.114807749102511],[-56.28174577999994,-3.115590954102572],[-56.28179615499994,-3.116562668102574],[-56.281885589999945,-3.117321649102564],[-56.28190486799997,-3.118249945102548],[-56.281896150999955,-3.119171871102651],[-56.28192993,-3.120282976102715],[-56.28196312199998,-3.120965933102639],[-56.28211257200002,-3.121358625102744],[-56.28230610999992,-3.122032027102762],[-56.282149033,-3.122519184102657],[-56.28208197799995,-3.123292498102785],[-56.282019532999925,-3.123968415102752],[-56.28201056400002,-3.124545341102703],[-56.28195004699995,-3.124915737102867],[-56.28198307100001,-3.12523601010281],[-56.28195750599997,-3.125584613102887],[-56.281973850999975,-3.126078978102839],[-56.28209052699998,-3.126780459102918],[-56.28216169,-3.127523347102965],[-56.28221005299997,-3.128503443103],[-56.28220485600002,-3.12946987710302],[-56.28222120099991,-3.130577126103049],[-56.282255901999974,-3.131584380102993],[-56.28226688299998,-3.132286113103078],[-56.28225816499997,-3.133205691103115],[-56.28225497999989,-3.133963583103139],[-56.28229412400003,-3.134671183103137],[-56.28244055599998,-3.135525131103179],[-56.282444076,-3.136074062103205],[-56.28245757099995,-3.13718106010316],[-56.28244147799995,-3.138457289103314],[-56.282503336,-3.139557246103209],[-56.28262571199991,-3.140736663103382],[-56.282705088,-3.141408222103394],[-56.28264926499992,-3.14245746810343],[-56.282743729,-3.143543595103438],[-56.28269184499999,-3.144616730103508],[-56.28274171700002,-3.146059507103416],[-56.282900302999906,-3.147522317103551],[-56.28298604999998,-3.149060480103628],[-56.28297825499993,-3.150182817103712],[-56.28300398700003,-3.151428703103761],[-56.283025193000014,-3.15252195510368],[-56.28307104200002,-3.15374521010375],[-56.283149245,-3.154818428103738],[-56.283198028000015,-3.155749323103862],[-56.283240189000026,-3.156637553103792],[-56.28325569599991,-3.156998310103802],[-56.28333683200003,-3.157767350103938],[-56.28349563864663,-3.161746966790247],[-56.2998939262294,-3.163282378641668],[-56.29995180555261,-3.163378980909386],[-56.306469688086565,-3.164214604228903],[-56.3073053130978,-3.16454885428044],[-56.30726098181134,-3.166395673859654],[-56.30697106563582,-3.169729733566271],[-56.30763956821096,-3.17424211157487],[-56.30663681884323,-3.177250364056022],[-56.3071381963598,-3.181762742752426],[-56.309477950683174,-3.185105244209979],[-56.31081495658009,-3.195968377487532],[-56.31217723575537,-3.201592170459719],[-56.31195829851242,-3.201584061207882],[-56.311645316677925,-3.201572469751738],[-56.30657938113194,-3.20138484474063],[-56.30592175325501,-3.201360488107582],[-56.304824840829326,-3.201319862527612],[-56.30345396925145,-3.20114723454077],[-56.303461172944935,-3.201197922723054],[-56.3051224494244,-3.212886499923741],[-56.30685717068582,-3.225091834003706],[-56.30707309851789,-3.227251098855675],[-56.307157759983966,-3.228097706133951],[-56.308030576766726,-3.236825838244329],[-56.308130617277186,-3.237826229922348],[-56.30849427676361,-3.241502738693384],[-56.309595925014264,-3.252833924418837],[-56.31001963226561,-3.25719203067905],[-56.310189135045675,-3.258935483364098],[-56.310493588422844,-3.262066979770907],[-56.31085569632273,-3.265791501434535],[-56.31101791756305,-3.267325527671176],[-56.31203481212185,-3.274613249724723],[-56.31212216551785,-3.275239272653778],[-56.313198929138764,-3.282956050955988],[-56.313220754181316,-3.28311246038578],[-56.313228589797404,-3.283504278554233],[-56.31359508926408,-3.301828791896241],[-56.31388778856797,-3.303584981004065],[-56.31401181013115,-3.304329107358058],[-56.31537597340912,-3.312514063194271],[-56.31658971156435,-3.319796468648747],[-56.31660893493961,-3.320353944669989],[-56.31669552452843,-3.32286499409463],[-56.31682764181238,-3.32669632177749],[-56.31689591544938,-3.328676241035112],[-56.31717431748865,-3.336749761944873],[-56.317184802026134,-3.337053815659601],[-56.31727014175664,-3.339528651860917],[-56.317293697336765,-3.340211742784106],[-56.31733191690847,-3.341320099584152],[-56.31733499853323,-3.341409433579997],[-56.318122784533614,-3.342009650973409],[-56.319548188342935,-3.344147755187066],[-56.320617246773,-3.353947403537973],[-56.32083953966941,-3.356170326547556],[-56.32115177541931,-3.359292665527846],[-56.321156016521,-3.359298604190371],[-56.32115637018012,-3.359302939209101],[-56.32188615873105,-3.36032080178262],[-56.32287835620343,-3.361709876103703],[-56.32291391358615,-3.361816547454396],[-56.32186447956923,-3.363390699368097],[-56.321506939399285,-3.36374824018452],[-56.32115637251252,-3.364052065021099],[-56.321166360891766,-3.364088820263305],[-56.321151777976354,-3.364103401328634],[-56.32222083209592,-3.368023260181815],[-56.32226533211957,-3.368133025190787],[-56.32228711910324,-3.368213203895436],[-56.323724506586245,-3.371732317394901],[-56.32489346818471,-3.374615749656641],[-56.32549268528447,-3.376812875188477],[-56.32551963327393,-3.376913629373291],[-56.326866697556454,-3.372515940366043],[-56.32777459956486,-3.370575916620112],[-56.3292165634993,-3.368085857318249],[-56.33089504033569,-3.36568592172614],[-56.33748687523166,-3.357765845018321],[-56.33811630343382,-3.356575890353042],[-56.339176795512685,-3.355735936134238],[-56.34029450785772,-3.354575784178735],[-56.34420459621987,-3.349905850360642],[-56.34770650838169,-3.346265890986444],[-56.34903403014687,-3.343885743688361],[-56.35057517639211,-3.340585771784788],[-56.35161659405384,-3.337265773995739],[-56.35447381899928,-3.33558586496963],[-56.356095075782775,-3.334975747182568],[-56.361424241095165,-3.333405749276665],[-56.36543351159747,-3.33101582547738],[-56.36847384435538,-3.329745759983098],[-56.37187657545536,-3.32882569690662],[-56.373295651503156,-3.328245619392078],[-56.37423407294705,-3.327675795632047],[-56.37574470216214,-3.326325622567936],[-56.376873859648924,-3.324695783522884],[-56.3788651419373,-3.320685557515958],[-56.38000574164977,-3.318845670065741],[-56.38423626665946,-3.313865552168409],[-56.38456433160553,-3.312495590672256],[-56.3845295200461,-3.310998964309135],[-56.38503474615982,-3.310684203177118],[-56.43860720293412,-3.224436299776698],[-56.50980760362205,-3.114835625408205],[-56.533707728245474,-3.056335272798435],[-56.50843627181189,-3.005971668601319],[-56.505617729017445,-3.000388316439569],[-56.49700000402004,-3.000435555531567],[-56.49625541615535,-3.000723750948055],[-56.494897375496805,-3.001093779406972],[-56.49426333833895,-3.001140862972818],[-56.493417264028324,-3.001203691762441],[-56.492953865189634,-3.001415044780288],[-56.49054477894731,-3.002513810884693],[-56.488454312494866,-3.004293855337096],[-56.48745485614313,-3.005453768249822],[-56.485986189309585,-3.008033711623511],[-56.483487548711764,-3.011143901528158],[-56.48229735622948,-3.012353883487663],[-56.48103468382368,-3.013643735808103],[-56.47638454025292,-3.017833731024041],[-56.47600688288935,-3.018183731671968],[-56.47360742445096,-3.020813982186155],[-56.469704966994584,-3.026713924745479],[-56.469445566011245,-3.027883851277181],[-56.46956763827109,-3.029543969807662],[-56.470044478760656,-3.031324012779805],[-56.47119652639759,-3.034504057665004],[-56.47269571272756,-3.037683864284361],[-56.47346628842581,-3.040483868276567],[-56.4735959893672,-3.042473960300697],[-56.47335566362318,-3.045004072394761],[-56.47293604496127,-3.04647393178567],[-56.472764383255026,-3.050134156066406],[-56.47287501126027,-3.050904013657771],[-56.4729169732862,-3.051244000338613],[-56.472474466252265,-3.0537340593458],[-56.47169626367895,-3.055384164165673],[-56.471307162692426,-3.055854089637819],[-56.47030389100365,-3.057034031306841],[-56.46914421693339,-3.058743979489407],[-56.468556750823836,-3.060134206433304],[-56.46835457095301,-3.06156401130886],[-56.469075554476944,-3.063784177963839],[-56.46950661784388,-3.064404069551927],[-56.472024336817015,-3.070664261605373],[-56.47410717726103,-3.076684126604505],[-56.4743055440033,-3.079304123774023],[-56.47404614483145,-3.082024257753972],[-56.472577478300195,-3.085274160672384],[-56.467996001113534,-3.09185431550975],[-56.46718728027656,-3.093334188927315],[-56.46702706242104,-3.094514367430008],[-56.467534421886,-3.096924317024559],[-56.46804559510713,-3.099324251503674],[-56.46811426025363,-3.099644449759694],[-56.468243961103155,-3.10024431472965],[-56.46807611473861,-3.102224392252481],[-56.467625977671844,-3.103234340035954],[-56.46569573001966,-3.106194324210151],[-56.46440635460726,-3.107804375470437],[-56.463155128459164,-3.111414292901372],[-56.46236548175017,-3.113024343360109]]]}}]}